Workbook

Sheet Sheet1
A1: Sorterings ID | B1: Data type | C1: Navn DE/ENG | D1: Navn DK | E1: UUID | F1: Global Opvarmning, modul A1-A3 | G1: Global Opvarmning, modul C3 | H1: Global Opvarmning, modul C4 | I1: Global Opvarmning, modul D | J1: Deklareret faktor (FU) | K1: Deklareret enhed (FU) | L1: Masse faktor | M1: Masse enhed | N1: Url (link) | O1: Kommentar
A2: #G0149 | B2: Generisk data | C2: Kunstharzestrich | D2: Afretningslag, hårdeplast | E2: =VLOOKUP(Table1[[#This Row],[Navn DK]],product_nodes_new_id!A:B,2,FALSE) -> cb07a54a-f9aa-5139-840b-03db8db822e5 | F2: 0.31541417 | G2: 0 | H2: 0.017601035 | I2: 0 | J2: 1 | K2: kg | L2: 1800 | M2: kg/m³ | N2: https://www.oekobaudat.de/OEKOBAU.DAT/resource/processes/8f060568-aca6-4375-86f4-340b806962c4?version=20.23.050
A3: #G1057 | B3: Generisk data | C3: Klimagerät (direktverdampfer) (pro 1 kw) | D3: Aircondition (direkte fordamper) (per 1 kW) | E3: =VLOOKUP(Table1[[#This Row],[Navn DK]],product_nodes_new_id!A:B,2,FALSE) -> 4e027c0a-b06c-5003-ae4a-cc13b31f4ef9 | F3: 45.504058 | G3: 2.9339393 | H3: 0.5122522 | I3: -19.228392 | J3: 1 | K3: stk | L3: 13.4 | M3: kg/stk. | N3: https://www.oekobaudat.de/OEKOBAU.DAT/resource/processes/9da0974d-cd0c-402f-a72e-ee07f2da68d6?version=20.23.050
A4: #G0956 | B4: Generisk data | C4: Gussteile aus aluminium | D4: Aluminium, støbegods | E4: =VLOOKUP(Table1[[#This Row],[Navn DK]],product_nodes_new_id!A:B,2,FALSE) -> 105a2244-c406-5ac7-8695-d1e2b2ed0e8f | F4: 11.009422 | G4: 0 | H4: 0 | I4: -7.2765834 | J4: 1 | K4: kg | L4: 2700 | M4: kg/m³ | N4: https://www.oekobaudat.de/OEKOBAU.DAT/resource/processes/568f2c96-2d04-43ff-bf03-8e48de9f11ff?version=20.23.050
A5: #G0625 | B5: Generisk data | C5: Aluminiumfolie (d=0,1 mm) | D5: Aluminiumsfolie (d=0,1 mm) | E5: =VLOOKUP(Table1[[#This Row],[Navn DK]],product_nodes_new_id!A:B,2,FALSE) -> 3956c273-6549-57a3-a889-1ba0b51832e4 | F5: 3.1169807 | G5: 0 | H5: 0 | I5: -2.0374433 | J5: 1 | K5: M2 | L5: 0.28 | M5: kg/m² | N5: https://www.oekobaudat.de/OEKOBAU.DAT/resource/processes/0fdc2fd3-fe48-499f-9158-74a6cc7185dc?version=20.23.050
A6: #G0452 | B6: Generisk data | C6: Aluminiumblech | D6: Aluminiumsplade | E6: =VLOOKUP(Table1[[#This Row],[Navn DK]],product_nodes_new_id!A:B,2,FALSE) -> a1dbf112-7b04-5e88-9bf8-380a14e48f84 | F6: 10.534353 | G6: 0 | H6: 0 | I6: -7.2765834 | J6: 1 | K6: kg | L6: 2700 | M6: kg/m³ | N6: https://www.oekobaudat.de/OEKOBAU.DAT/resource/processes/f0f13788-bc1b-44d4-9f37-082a6d22b432?version=20.23.050
A7: #G0333 | B7: Generisk data | C7: Aluminium Profil | D7: Aluminiumsprofil | E7: =VLOOKUP(Table1[[#This Row],[Navn DK]],product_nodes_new_id!A:B,2,FALSE) -> f181bb37-59db-5203-897e-b3b4da47173d | F7: 10.697766 | G7: 0 | H7: 0 | I7: -7.2765834 | J7: 1 | K7: kg | L7: 2700 | M7: kg/m³ | N7: https://www.oekobaudat.de/OEKOBAU.DAT/resource/processes/fdc99ab8-d843-44ec-a66c-92367d244321?version=20.23.050
A8: #G0484 | B8: Generisk data | C8: Ammoniak (r717) | D8: Ammoniak (R717) | E8: =VLOOKUP(Table1[[#This Row],[Navn DK]],product_nodes_new_id!A:B,2,FALSE) -> 8dd8910c-0a03-557f-b4d2-7b9ed709ce72 | F8: 2.5299277 | G8: 0 | H8: 0 | I8: -2.0960171 | J8: 1 | K8: kg | L8: 1 | M8: kg/kg | N8: https://www.oekobaudat.de/OEKOBAU.DAT/resource/processes/2b3bf368-34e6-4e7c-917e-6f455d4c4bb8?version=20.23.050
A9: #G0558 | B9: Generisk data | C9: Asphalttragschicht | D9: Asfalt, bærelag | E9: =VLOOKUP(Table1[[#This Row],[Navn DK]],product_nodes_new_id!A:B,2,FALSE) -> fff4fb8e-9d9a-53fc-be3a-2573ad3321a1 | F9: 0.073316331 | G9: 0 | H9: 0 | I9: -0.017009508 | J9: 1 | K9: kg | L9: 2350 | M9: kg/m³ | N9: https://www.oekobaudat.de/OEKOBAU.DAT/resource/processes/f34786e7-0953-4085-9f3d-955481cdd4ea?version=20.23.050
A10: #G0392 | B10: Generisk data | C10: Fenster-beschlag für drehkippfenster (aluminium) | D10: Beslag til dreje-kip vinduer (aluminium) | E10: =VLOOKUP(Table1[[#This Row],[Navn DK]],product_nodes_new_id!A:B,2,FALSE) -> 6e60c01d-bb86-5504-9dbd-b2963095e119 | F10: 13.750138 | G10: 0 | H10: 0 | I10: -7.6756278 | J10: 1 | K10: stk | L10: 1.65 | M10: kg/stk. | N10: https://www.oekobaudat.de/OEKOBAU.DAT/resource/processes/8dc96f29-ec8d-43ba-ba08-a2362003078a?version=20.23.050
A11: #G0644 | B11: Generisk data | C11: Fenster-beschlag für vertikales schiebefenster | D11: Beslag til lodrette skydevinduer | E11: =VLOOKUP(Table1[[#This Row],[Navn DK]],product_nodes_new_id!A:B,2,FALSE) -> 2ac87707-ca69-5b6d-86e8-d230a8bc3816 | F11: 11.880487 | G11: 0 | H11: 0 | I11: -5.6488242 | J11: 1 | K11: stk | L11: 0.932 | M11: kg/stk. | N11: https://www.oekobaudat.de/OEKOBAU.DAT/resource/processes/67331443-825b-4e74-87bb-27d5a55dd159?version=20.23.050
A12: #G1071 | B12: Generisk data | C12: Fenster-beschlag für horizontales schiebefenster | D12: Beslag til vandrette skydevinduer | E12: =VLOOKUP(Table1[[#This Row],[Navn DK]],product_nodes_new_id!A:B,2,FALSE) -> 451fa084-4d91-5678-88d4-08d7e9ee210a | F12: 6.1409319 | G12: 0 | H12: 0 | I12: -3.4283594 | J12: 1 | K12: stk | L12: 0.696 | M12: kg/stk. | N12: https://www.oekobaudat.de/OEKOBAU.DAT/resource/processes/640ca097-4329-47d0-a762-7ed858239c3a?version=20.23.050
A13: #G0147 | B13: Generisk data | C13: Beschlagverbund fenster stahl | D13: Beslag, stålvindue | E13: =VLOOKUP(Table1[[#This Row],[Navn DK]],product_nodes_new_id!A:B,2,FALSE) -> c5939aa5-cffa-5b48-8a15-1596965255fb | F13: 9.6760782 | G13: 0 | H13: 0 | I13: -4.794823 | J13: 1 | K13: stk | L13: 2.63 | M13: kg/stk. | N13: https://www.oekobaudat.de/OEKOBAU.DAT/resource/processes/b6e9b76b-5be6-4b7b-be40-c32da896190f?version=20.23.050
A14: #B1385 | B14: Branche data | C14: - | D14: Beton vægelementer, 15 cm tyk væg med 5-15 kg armering (11% udsparinger) | E14: 02d2f058-cfed-4732-8730-e212bb8e7d5f | F14: 53.1 | G14: 0.965 | H14: 0.7 | I14: -0.787 | J14: 1 | K14: M2 | L14: 320.9 | M14: kg/m² | N14: https://www.epddanmark.dk/media/oq0dzm1j/md-20015-da_rev1-betonelement-foreningen.pdf
A15: #B1393 | B15: Branche data | C15: - | D15: Beton vægelementer, 20 cm tyk væg med 16-25 kg armering (11% udsparinger) | E15: 97e29fb3-c8c3-57bf-a8b1-d823af2a3256 | F15: 73.2 | G15: 1.29 | H15: 0.932 | I15: -1.08 | J15: 1 | K15: M2 | L15: 433.9 | M15: kg/m² | N15: https://www.epddanmark.dk/media/oq0dzm1j/md-20015-da_rev1-betonelement-foreningen.pdf
A16: #B1389 | B16: Branche data | C16: - | D16: Beton vægelementer, 20 cm tyk væg med 5-15 kg armering (11% udsparinger) | E16: 69a15ad7-3ede-40b9-8640-e406917c0e45 | F16: 66.9 | G16: 1.28 | H16: 0.93 | I16: -1.01 | J16: 1 | K16: M2 | L16: 426.4 | M16: kg/m² | N16: https://www.epddanmark.dk/media/oq0dzm1j/md-20015-da_rev1-betonelement-foreningen.pdf
A17: #G0330 | B17: Generisk data | C17: Beton-mauersteine | D17: Betonmursten | E17: =VLOOKUP(Table1[[#This Row],[Navn DK]],product_nodes_new_id!A:B,2,FALSE) -> 4d5b5fc5-3a7f-5e7e-82f2-750440ed1f52 | F17: 228.2614 | G17: 13.531849 | H17: 0 | I17: -3.1492393 | J17: 1 | K17: M3 | L17: 2000 | M17: kg/m³ | N17: https://www.oekobaudat.de/OEKOBAU.DAT/resource/processes/47583aa9-56d9-4b39-8cc3-e3513210dd17?version=20.23.050
A18: #G0740 | B18: Generisk data | C18: Betonrohr, bewehrt | D18: Betonrør, armeret | E18: =VLOOKUP(Table1[[#This Row],[Navn DK]],product_nodes_new_id!A:B,2,FALSE) -> 718eca41-b0e2-596b-9ff7-292e5f46c9e8 | F18: 0.13260791 | G18: 0.0072729541 | H18: 0 | I18: -0.0014199949 | J18: 1 | K18: kg | L18: 2400 | M18: kg/m³ | N18: https://www.oekobaudat.de/OEKOBAU.DAT/resource/processes/16e0f5b5-8090-4466-b303-7b8ae71110d8?version=20.23.050
A19: #D1614 | B19: Dansk generisk data | C19: - | D19: Betonrør, u-armeret | E19: =VLOOKUP(Table1[[#This Row],[Navn DK]],product_nodes_new_id!A:B,2,FALSE) -> 5f53f099-bee7-5478-ad3a-cb455d5c8c02 | F19: 141.9 | G19: 3.7103813 | H19: 2.7441362 | I19: -1.1926226 | J19: 1 | K19: m | L19: 696 | M19: kg/m | N19: https://vbn.aau.dk/da/publications/udvikling-af-dansk-generisk-lca-data?
A20: #G1003 | B20: Generisk data | C20: Betonrohr, unbewehrt | D20: Betonrør, u-armeret | E20: =VLOOKUP(Table1[[#This Row],[Navn DK]],product_nodes_new_id!A:B,2,FALSE) -> 5f53f099-bee7-5478-ad3a-cb455d5c8c02 | F20: 0.12447531 | G20: 0.0073919647 | H20: 0 | I20: -0.0014432309 | J20: 1 | K20: kg | L20: 2400 | M20: kg/m³ | N20: https://www.oekobaudat.de/OEKOBAU.DAT/resource/processes/f421344b-6738-4e4a-82f3-10415fa9fc54?version=20.23.050
A21: #G0420 | B21: Generisk data | C21: Betonfertigteil treppe (1,1 m breite, 9 stufen a 16 cm) | D21: Betontrappe, etagehøj | E21: =VLOOKUP(Table1[[#This Row],[Navn DK]],product_nodes_new_id!A:B,2,FALSE) -> b8e2846d-3535-5de5-b915-bddbce5257cd | F21: 265.02546 | G21: 14.045879 | H21: 0 | I21: -2.7423624 | J21: 1 | K21: stk | L21: 1965 | M21: kg/stk. | N21: https://www.oekobaudat.de/OEKOBAU.DAT/resource/processes/2632f4e8-7671-4d87-a8bc-9defdb54d117?version=20.23.050
A22: #G0673 | B22: Generisk data | C22: Asphaltbinder | D22: Bindelag | E22: =VLOOKUP(Table1[[#This Row],[Navn DK]],product_nodes_new_id!A:B,2,FALSE) -> 59d2774b-9829-581f-aee2-54f589203c36 | F22: 0.08120417 | G22: 0 | H22: 0 | I22: -0.017009508 | J22: 1 | K22: kg | L22: 210 | M22: kg/m² | N22: https://www.oekobaudat.de/OEKOBAU.DAT/resource/processes/3d1b480d-243f-4ff2-aa16-428e1a93f5d8?version=20.23.050
A23: #G0439 | B23: Generisk data | C23: Bitumen emulsion (40% bitumen, 60% wasser) | D23: Bitumenemulsion (40% bitumen, 60% vand) | E23: =VLOOKUP(Table1[[#This Row],[Navn DK]],product_nodes_new_id!A:B,2,FALSE) -> 9b6ad11e-fbad-5583-bb4d-4cd56572fcf1 | F23: 0.35629369 | G23: 0 | H23: 0.091400858 | I23: 0 | J23: 1 | K23: kg | L23: 1 | M23: kg/kg | N23: https://www.oekobaudat.de/OEKOBAU.DAT/resource/processes/49a70830-f0ff-4e1b-a0b7-4f4da313fa28?version=20.23.050
A24: #G0734 | B24: Generisk data | C24: Bitumen kaltkleber (60% bitumen, 23%lm, 17% wasser) | D24: Bitumenklæber | E24: =VLOOKUP(Table1[[#This Row],[Navn DK]],product_nodes_new_id!A:B,2,FALSE) -> 7ee18f05-d80d-5626-911f-ecfa7ca9a6e9 | F24: 0.66778125 | G24: 0 | H24: 0.091400858 | I24: 0 | J24: 1 | K24: kg | L24: 1 | M24: kg/kg | N24: https://www.oekobaudat.de/OEKOBAU.DAT/resource/processes/57a01f9b-798f-4a5d-b476-bd20c7bd25bd?version=20.23.050
A25: #G0235 | B25: Generisk data | C25: Bleibleche | D25: Blyplader | E25: =VLOOKUP(Table1[[#This Row],[Navn DK]],product_nodes_new_id!A:B,2,FALSE) -> 5a1ad173-c2e0-5684-8fd4-e520f10dc9e5 | F25: 1.2516171 | G25: 0 | H25: 0 | I25: 1.584745 | J25: 1 | K25: kg | L25: 11342 | M25: kg/m³ | N25: https://www.oekobaudat.de/OEKOBAU.DAT/resource/processes/43312667-1727-4f43-b8ad-fe82268b7691?version=20.23.050
A26: #G0951 | B26: Generisk data | C26: Baumwolle konventionell | D26: Bomuld | E26: =VLOOKUP(Table1[[#This Row],[Navn DK]],product_nodes_new_id!A:B,2,FALSE) -> b6c8f648-e7bc-5660-8e3d-c038ed2219a4 | F26: -0.62842243 | G26: 1.7573318 | H26: 0 | I26: -0.49287905 | J26: 1 | K26: kg | L26: 1 | M26: kg/kg | N26: https://www.oekobaudat.de/OEKOBAU.DAT/resource/processes/5747cdb6-fb7d-4fbf-b7ee-38647ee470c7?version=20.23.050
A27: #G1051 | B27: Generisk data | C27: Baumwolle ökologisch | D27: Bomuld, økologisk | E27: =VLOOKUP(Table1[[#This Row],[Navn DK]],product_nodes_new_id!A:B,2,FALSE) -> aa20b800-8258-5354-9777-5311585f8ca6 | F27: -0.21224089 | G27: 1.7573318 | H27: 0 | I27: -0.49287905 | J27: 1 | K27: kg | L27: 1 | M27: kg/kg | N27: https://www.oekobaudat.de/OEKOBAU.DAT/resource/processes/e4800e06-854a-4f09-9114-21340fd19af5?version=20.23.050
A28: #G0782 | B28: Generisk data | C28: Trinkwasserrohr pe-x-alu | D28: Brugsvandsrør, Alu-PEX | E28: =VLOOKUP(Table1[[#This Row],[Navn DK]],product_nodes_new_id!A:B,2,FALSE) -> 09bc1b03-18ed-5976-b91e-68a54c3e5f0a | F28: 7.5838013 | G28: 1.8830718 | H28: 0 | I28: -3.9902456 | J28: 1 | K28: kg | L28: 1 | M28: kg/kg | N28: https://www.oekobaudat.de/OEKOBAU.DAT/resource/processes/c9d466d3-d5cb-4be6-9ae3-609212c4438a?version=20.23.050
... A36: #G0085 | B36: Generisk data | C36: Foamglas® t4+ | D36: Celleglas-isolering 115 kg/m³ | E36: =VLOOKUP(Table1[[#This Row],[Navn DK]],product_nodes_new_id!A:B,2,FALSE) -> e662f0b8-9a21-57ca-8e98-642d3dc20436 | F36: 1.43 | G36: 0.00241 | H36: 0.0153 | I36: -0.1773 | J36: 1 | K36: kg | L36: 115 | M36: kg/m³ | N36: https://oekobaudat.de/OEKOBAU.DAT/resource/datastocks/c391de0f-2cfd-47ea-8883-c661d294e2ba/processes/c93da4c3-94c9-4c86-b092-610cf1cf012f?format=html&lang=en&version=00.10.000
A37: #D1571 | B37: Dansk generisk data | C37: - | D37: Cement 42,5 MPa | E37: f06a7760-719a-5504-9278-eeb2bc1ff567 | F37: 1017.5 | G37: 0 | H37: 0 | I37: 0 | J37: 1 | K37: ton | L37: 3100 | M37: kg/m³ | N37: https://vbn.aau.dk/da/publications/udvikling-af-dansk-generisk-lca-data?
A38: #D1572 | B38: Dansk generisk data | C38: - | D38: Cement 52,5 MPa | E38: aa834931-e3d7-502d-8cb4-4c5eb112ff28 | F38: 1144 | G38: 0 | H38: 0 | I38: 0 | J38: 1 | K38: ton | L38: 3100 | M38: kg/m³ | N38: https://vbn.aau.dk/da/publications/udvikling-af-dansk-generisk-lca-data?
A39: #G0457 | B39: Generisk data | C39: Zementgebundene spanplatte (generisch) | D39: Cementbundet spånplade | E39: =VLOOKUP(Table1[[#This Row],[Navn DK]],product_nodes_new_id!A:B,2,FALSE) -> d762565c-224a-5689-a76b-0ae8b18a50aa | F39: 1721.4498 | G39: 233.13469 | H39: 0 | I39: -64.95747 | J39: 1 | K39: M3 | L39: 1200 | M39: kg/m³ | N39: https://www.oekobaudat.de/OEKOBAU.DAT/resource/processes/c772eb77-7b60-4b1f-8b5b-0be23e26549a?version=20.23.050
A40: #G0466 | B40: Generisk data | C40: Umwälzpumpe 250-1000w | D40: Cirkulationspumpe 250-1000 W | E40: =VLOOKUP(Table1[[#This Row],[Navn DK]],product_nodes_new_id!A:B,2,FALSE) -> 08e14bb3-573d-5255-adc9-4bf230556711 | F40: 124.43216 | G40: 4.2647457 | H40: 0.30354955 | I40: -20.398002 | J40: 1 | K40: stk | L40: 24.7 | M40: kg/stk. | N40: https://www.oekobaudat.de/OEKOBAU.DAT/resource/processes/5b5ed926-7052-48d3-a6b8-9039c04f5036?version=20.23.050
A41: #G0372 | B41: Generisk data | C41: Umwälzpumpe 50-250w | D41: Cirkulationspumpe 50-250 W | E41: =VLOOKUP(Table1[[#This Row],[Navn DK]],product_nodes_new_id!A:B,2,FALSE) -> 3b7011ba-8153-59b6-8729-deb3114c0a44 | F41: 24.886433 | G41: 0.85294915 | H41: 0.060709911 | I41: -4.0796004 | J41: 1 | K41: stk | L41: 4.94 | M41: kg/stk. | N41: https://www.oekobaudat.de/OEKOBAU.DAT/resource/processes/700c0c68-8aec-48b8-a276-aa60a01babda?version=20.23.050
A42: #B1632 | B42: Branche data | C42: Circular ventilation ducts | D42: Ventilationskanal, galvaniseret stål | E42: =VLOOKUP(Table1[[#This Row],[Navn DK]],product_nodes_new_id!A:B,2,FALSE) -> 6099aa35-8e86-589f-a9f1-fd92a6bdbeb7 | F42: 3.82 | G42: 0.0535 | H42: 0.0012 | I42: -1.49 | J42: 1 | K42: kg | L42: 1 | M42: kg/kg | N42: https://www.epddanmark.dk/media/xvdjagkr/md-23022-en.pdf
A43: #G0946 | B43: Generisk data | C43: Cr profil (chloropren-kautschuk) | D43: CR-profil til forsejling (chloropren gummi) | E43: =VLOOKUP(Table1[[#This Row],[Navn DK]],product_nodes_new_id!A:B,2,FALSE) -> 0a10b816-3378-5fec-b7c2-89ff0cdf08fb | F43: 1.0555886 | G43: 0.55477392 | H43: 0 | I43: -0.19619498 | J43: 1 | K43: m | L43: 0.18 | M43: kg/m | N43: https://www.oekobaudat.de/OEKOBAU.DAT/resource/processes/2dc5d1cf-ffce-42c2-a127-f412f3ef5fe2?version=20.23.050
A44: #G0523 | B44: Generisk data | C44: Pfosten/riegel system aus aluminium mit dreifachverglasung | D44: Curtain wall facade med 3-lags ruder, aluminium | E44: =VLOOKUP(Table1[[#This Row],[Navn DK]],product_nodes_new_id!A:B,2,FALSE) -> 6d1ae546-d4e4-5408-9a60-c00fe201f9ae | F44: 119.98248 | G44: 6.2130039 | H44: 0.45059649 | I44: -33.448275 | J44: 1 | K44: M2 | L44: 16.5 | M44: kg/m² | N44: https://www.oekobaudat.de/OEKOBAU.DAT/resource/processes/4dd9a97f-6afa-4e12-a0fb-71da41d7afe4?version=20.23.050
A45: #G0111 | B45: Generisk data | C45: Pfosten/riegel system aus stahl mit dreifachverglasung | D45: Curtain wall facade med 3-lags ruder, stål | E45: =VLOOKUP(Table1[[#This Row],[Navn DK]],product_nodes_new_id!A:B,2,FALSE) -> d2cad8c6-0489-5911-a693-8c3eef18474c | F45: 95.928581 | G45: 6.2130039 | H45: 0.45059649 | I45: -13.954595 | J45: 1 | K45: M2 | L45: 21.4 | M45: kg/m² | N45: https://www.oekobaudat.de/OEKOBAU.DAT/resource/processes/77dbec35-a9ed-462f-91dc-c26fce408a2b?version=20.23.050
A46: #G0961 | B46: Generisk data | C46: Pfosten/riegel aus aluminium | D46: Curtain wall profiler, aluminium | E46: =VLOOKUP(Table1[[#This Row],[Navn DK]],product_nodes_new_id!A:B,2,FALSE) -> f0b3b24d-f691-5512-b1d2-41b76758c282 | F46: 54.66301 | G46: 3.4269035 | H46: 0 | I46: -32.480129 | J46: 1 | K46: m | L46: 5.7 | M46: kg/m | N46: https://www.oekobaudat.de/OEKOBAU.DAT/resource/processes/03329c6a-b5f2-47c8-a8db-1bd3b003857c?version=20.23.050
A47: #G0442 | B47: Generisk data | C47: Pfosten/riegelsystem aus stahl | D47: Curtain wall profiler, stål | E47: =VLOOKUP(Table1[[#This Row],[Navn DK]],product_nodes_new_id!A:B,2,FALSE) -> 9361290b-5650-5d0f-81fe-9ed2c487720c | F47: 36.147057 | G47: 3.4269035 | H47: 0 | I47: -13.7157 | J47: 1 | K47: m | L47: 9.48 | M47: kg/m | N47: https://www.oekobaudat.de/OEKOBAU.DAT/resource/processes/1121bd10-6918-441c-b18b-8264a277c919?version=20.23.050
A48: #G0786 | B48: Generisk data | C48: Dampfbremse pa | D48: Dampspærre PA | E48: =VLOOKUP(Table1[[#This Row],[Navn DK]],product_nodes_new_id!A:B,2,FALSE) -> 7f104e91-a828-5cfa-b201-5f2606fdebb8 | F48: 0.57121484 | G48: 0.21953792 | H48: 0 | I48: -0.062543273 | J48: 1 | K48: M2 | L48: 0.08 | M48: kg/m² | N48: https://www.oekobaudat.de/OEKOBAU.DAT/resource/processes/d6eec5bf-7727-46ab-b1de-62ac94b90016?version=20.23.050
A49: #G1125 | B49: Generisk data | C49: Dampfbremse pe | D49: Dampspærre PE (tykkelse 0,0002 m) | E49: =VLOOKUP(Table1[[#This Row],[Navn DK]],product_nodes_new_id!A:B,2,FALSE) -> e404aab3-95b9-5cf1-819c-6812b9f536eb | F49: 0.39508175 | G49: 0.55559661 | H49: 0 | I49: -0.22959481 | J49: 1 | K49: M2 | L49: 0.2 | M49: kg/m² | N49: https://www.oekobaudat.de/OEKOBAU.DAT/resource/processes/7b949ae4-3793-4670-86d8-241578803aa2?version=20.23.050
A50: #G1139 | B50: Generisk data | C50: Bitumenbahnen v 60 | D50: Dampspærre, bitumen | E50: =VLOOKUP(Table1[[#This Row],[Navn DK]],product_nodes_new_id!A:B,2,FALSE) -> f383c98c-ad3d-5f86-b0fe-f6684aa90dcf | F50: 2.2315456 | G50: 0 | H50: 0.42153814 | I50: 0 | J50: 1 | K50: M2 | L50: 5 | M50: kg/m² | N50: https://www.oekobaudat.de/OEKOBAU.DAT/resource/processes/da3f32e3-7b0d-44f2-ba03-8dd93aa94f75?version=20.23.050
... A75: #G0327 | B75: Generisk data | C75: Eva-dachbahnen | D75: EVA-tagmembran | E75: =VLOOKUP(Table1[[#This Row],[Navn DK]],product_nodes_new_id!A:B,2,FALSE) -> a89b8115-43fa-5b8d-96d0-08b15db92e2b | F75: 5.3863566 | G75: 7.9650125 | H75: 0 | I75: -2.7684055 | J75: 1 | K75: M2 | L75: 2 | M75: kg/m² | N75: https://www.oekobaudat.de/OEKOBAU.DAT/resource/processes/60203e0a-cd90-4ff9-8ec7-da3a1b0b1588?version=20.23.050
A76: #B1425 | B76: Branche data | C76: - | D76: Fabriksbeton (C20/25 SCC) i eksponeringsklasserne X0 og XC1 | E76: d1a78805-f2b1-4131-8f1d-08845be37654 | F76: 215 | G76: 6.94 | H76: 5.13 | I76: -4.74 | J76: 1 | K76: M3 | L76: 2212 | M76: kg/m³ | N76: https://www.epddanmark.dk/media/qoelm3vd/md-20011-da_rev1-dansk-beton-fabriksbetonforeningen.pdf
A77: #B1433 | B77: Branche data | C77: - | D77: Fabriksbeton (C25/30) i eksponeringsklasserne X0 og XC1 | E77: 2a58dc5d-42ce-46ed-98de-53b201d29da0 | F77: 241 | G77: 6.73 | H77: 4.97 | I77: -4.6 | J77: 1 | K77: M3 | L77: 2246 | M77: kg/m³ | N77: https://www.epddanmark.dk/media/qoelm3vd/md-20011-da_rev1-dansk-beton-fabriksbetonforeningen.pdf
A78: #B1477 | B78: Branche data | C78: - | D78: Fabriksbeton C30/37 | E78: b4d08927-4070-45cc-ace0-e970c004b51d | F78: 282 | G78: 6.72 | H78: 4.97 | I78: -4.6 | J78: 1 | K78: M3 | L78: 2255 | M78: kg/m³ | N78: https://www.epddanmark.dk/media/c3alzank/md-20012-da_rev1-dansk-beton-fabriksbetonforeningen.pdf
A79: #B1441 | B79: Branche data | C79: - | D79: Fabriksbeton C35/45 – CEM I | E79: c8a63193-f3f7-49df-bfa4-2ba1d764dd9d | F79: 362 | G79: 7.07 | H79: 5.23 | I79: -4.84 | J79: 1 | K79: M3 | L79: 2267 | M79: kg/m³ | N79: https://www.epddanmark.dk/media/nvwgry4v/md-20013-da_rev1-dansk-beton-fabriksbetonforeningen.pdf
A80: #B1437 | B80: Branche data | C80: - | D80: Fabriksbeton C35/45 – CEM I SR-5 | E80: 5fb54248-9f47-4823-866c-7eabfb1bb99d | F80: 403 | G80: 6.85 | H80: 5.06 | I80: -4.68 | J80: 1 | K80: M3 | L80: 2304 | M80: kg/m³ | N80: https://www.epddanmark.dk/media/nvwgry4v/md-20013-da_rev1-dansk-beton-fabriksbetonforeningen.pdf
A81: #B1445 | B81: Branche data | C81: - | D81: Fabriksbeton C35/45 (fugebeton) | E81: 42cdcbd9-921b-400c-a325-093a185c75a9 | F81: 377 | G81: 6.63 | H81: 4.9 | I81: -4.54 | J81: 1 | K81: M3 | L81: 2256 | M81: kg/m³ | N81: https://www.epddanmark.dk/media/nvwgry4v/md-20013-da_rev1-dansk-beton-fabriksbetonforeningen.pdf
A82: #B1485 | B82: Branche data | C82: - | D82: Fabriksbeton C35/45 SCC | E82: b5ebab16-5af1-4558-b0c5-0d8594a6a2f2 | F82: 300 | G82: 6.54 | H82: 4.83 | I82: -4.47 | J82: 1 | K82: M3 | L82: 2254 | M82: kg/m³ | N82: https://www.epddanmark.dk/media/c3alzank/md-20012-da_rev1-dansk-beton-fabriksbetonforeningen.pdf
A83: #B1461 | B83: Branche data | C83: - | D83: Fabriksbeton C40/50 – CEM I | E83: 9d1a1b13-0b03-44ce-80e2-9833c95245e9 | F83: 429 | G83: 6.77 | H83: 5 | I83: -4.63 | J83: 1 | K83: M3 | L83: 2267 | M83: kg/m³ | N83: https://www.epddanmark.dk/media/oz1jfz20/md-20014-da_rev1-dansk-beton-fabriksbetonforeningen.pdf
A84: #B1453 | B84: Branche data | C84: - | D84: Fabriksbeton C40/50 – CEM I SR-5 | E84: 38a75cce-cac1-4231-a364-1fa0dfe4274a | F84: 465 | G84: 6.95 | H84: 5.14 | I84: -4.76 | J84: 1 | K84: M3 | L84: 2284 | M84: kg/m³ | N84: https://www.epddanmark.dk/media/oz1jfz20/md-20014-da_rev1-dansk-beton-fabriksbetonforeningen.pdf
A85: #B1469 | B85: Branche data | C85: - | D85: Fabriksbeton C45/55 | E85: 46b603ab-84e0-46dc-86a0-afa84bf24253 | F85: 426 | G85: 6.75 | H85: 4.99 | I85: -4.62 | J85: 1 | K85: M3 | L85: 2229 | M85: kg/m³ | N85: https://www.epddanmark.dk/media/oz1jfz20/md-20014-da_rev1-dansk-beton-fabriksbetonforeningen.pdf
A86: #G0245 | B86: Generisk data | C86: Fassadenklinker | D86: Facadeklinker | E86: =VLOOKUP(Table1[[#This Row],[Navn DK]],product_nodes_new_id!A:B,2,FALSE) -> 8e483645-aeb2-57ae-9b0d-5bd7ac85006e | F86: 532.86185 | G86: 13.531849 | H86: 0 | I86: -3.1492393 | J86: 1 | K86: M3 | L86: 2000 | M86: kg/m³ | N86: https://www.oekobaudat.de/OEKOBAU.DAT/resource/processes/5dddc87c-6b72-4801-b822-4301138c99ce?version=20.23.050
A87: #D1514 | B87: Dansk generisk data | C87: - | D87: Fibercementplade | E87: =VLOOKUP(Table1[[#This Row],[Navn DK]],product_nodes_new_id!A:B,2,FALSE) -> 99bbbb92-f3ab-5c9e-ab05-7582403446bc | F87: 12.87 | G87: 0 | H87: 0.2486 | I87: 0 | J87: 1 | K87: M2 | L87: 14.4 | M87: kg/m² | N87: https://vbn.aau.dk/da/publications/udvikling-af-dansk-generisk-lca-data?
A88: #G0490 | B88: Generisk data | C88: Pe/pp vlies | D88: Fiberdug, PE / PP | E88: =VLOOKUP(Table1[[#This Row],[Navn DK]],product_nodes_new_id!A:B,2,FALSE) -> bdb8f04e-36f4-5941-a0fb-a56747b01108 | F88: 1.2173397 | G88: 1.8830718 | H88: 0 | I88: -0.65448717 | J88: 1 | K88: M2 | L88: 0.5 | M88: kg/m² | N88: https://www.oekobaudat.de/OEKOBAU.DAT/resource/processes/e80981a3-c7c4-4267-b669-0f31cfa61f06?version=20.23.050
A89: #D1603 | B89: Dansk generisk data | C89: - | D89: Fjernvarmeanlæg | E89: =VLOOKUP(Table1[[#This Row],[Navn DK]],product_nodes_new_id!A:B,2,FALSE) -> 7e2dcc42-4bed-547e-bb98-582f220411e0 | F89: 4.6553384 | G89: 0.23962071 | H89: 0.035435939 | I89: -0.50159521 | J89: 1 | K89: kg | L89: 23.2 | M89: kg/stk. | N89: https://vbn.aau.dk/da/publications/udvikling-af-dansk-generisk-lca-data?
A90: #G0199 | B90: Generisk data | C90: Übergabestation fernwärme | D90: Fjernvarmeanlæg | E90: =VLOOKUP(Table1[[#This Row],[Navn DK]],product_nodes_new_id!A:B,2,FALSE) -> 7e2dcc42-4bed-547e-bb98-582f220411e0 | F90: 4.5423531 | G90: 0.18862443 | H90: 0.0119832 | I90: -1.0213586 | J90: 1 | K90: kg | L90: 1 | M90: kg/kg | N90: https://www.oekobaudat.de/OEKOBAU.DAT/resource/processes/89956dbd-9cd4-4698-8e06-e7292f543246?version=20.23.050
A91: #G1131 | B91: Generisk data | C91: Folie für gründach | D91: Folie til grønt tag | E91: =VLOOKUP(Table1[[#This Row],[Navn DK]],product_nodes_new_id!A:B,2,FALSE) -> 88aac703-b1c5-554c-b2d8-bae4954480bf | F91: 3.4378362 | G91: 3.7516225 | H91: 0 | I91: -0.77150104 | J91: 1 | K91: M2 | L91: 1.13 | M91: kg/m² | N91: https://www.oekobaudat.de/OEKOBAU.DAT/resource/processes/4c569188-c899-44da-8843-523c2c741efe?version=20.23.050
A92: #G0519 | B92: Generisk data | C92: Pe-hd mit pp-vlies zur abdichtung | D92: Folie, PE-HD med PP-fiberdug | E92: =VLOOKUP(Table1[[#This Row],[Navn DK]],product_nodes_new_id!A:B,2,FALSE) -> d1f0ffc9-3e7d-5e75-84c6-8538b7d5506d | F92: 3.1373123 | G92: 4.8397325 | H92: 0 | I92: -1.6821072 | J92: 1 | K92: M2 | L92: 1.3 | M92: kg/m² | N92: https://www.oekobaudat.de/OEKOBAU.DAT/resource/processes/2173d540-fc7c-4b77-af4f-9a53cdbfb834?version=20.23.050
A93: #D1586 | B93: Dansk generisk data | C93: - | D93: Fugemasse, Silikone | E93: =VLOOKUP(Table1[[#This Row],[Navn DK]],product_nodes_new_id!A:B,2,FALSE) -> 1bcc6bf1-618a-5846-8bb5-447c366896fd | F93: 5.896 | G93: 0.4719 | H93: 0 | I93: -0.5607 | J93: 1 | K93: kg | L93: 1.5 | M93: g/cm³ | N93: https://vbn.aau.dk/da/publications/udvikling-af-dansk-generisk-lca-data?
A94: #G1163 | B94: Generisk data | C94: Pe-noppenfolie zur abdichtung | D94: Fugtisolering, grundmursplade, PE | E94: =VLOOKUP(Table1[[#This Row],[Navn DK]],product_nodes_new_id!A:B,2,FALSE) -> ab4e716e-907b-5628-a2ae-27658399ce44 | F94: 4.1174062 | G94: 4.1427795 | H94: 0 | I94: -1.7121213 | J94: 1 | K94: M2 | L94: 1.2 | M94: kg/m² | N94: https://www.oekobaudat.de/OEKOBAU.DAT/resource/processes/0dbca1ff-d043-408f-9511-6aeddf8e5f70?version=20.23.050
A95: #G0253 | B95: Generisk data | C95: Gaswärmepumpe (luft) 20-70 kw | D95: Gas varmepumpe (luft) 20-70 kW | E95: =VLOOKUP(Table1[[#This Row],[Navn DK]],product_nodes_new_id!A:B,2,FALSE) -> 39dd3ef0-bd6d-5716-956c-9188e93a116d | F95: 344.78407 | G95: 10.267235 | H95: 7.529551 | I95: -171.29888 | J95: 1 | K95: stk | L95: 157 | M95: kg/stk. | N95: https://www.oekobaudat.de/OEKOBAU.DAT/resource/processes/ae06899a-fd3f-4ea6-9922-139dfd0e6ba9?version=20.23.050
A96: #G0177 | B96: Generisk data | C96: Gas-niedertemperaturgerät < 20 kw (standgerät) | D96: Gaskedel, kondenserende, <20 kW | E96: =VLOOKUP(Table1[[#This Row],[Navn DK]],product_nodes_new_id!A:B,2,FALSE) -> #N/A | F96: 414.3171 | G96: 8.5716092 | H96: 0.89107001 | I96: -51.794674 | J96: 1 | K96: stk | L96: 118 | M96: kg/stk. | N96: https://www.oekobaudat.de/OEKOBAU.DAT/resource/processes/70652929-4cec-4671-a726-1bde18f5c3a5?version=20.23.050
A97: #G0257 | B97: Generisk data | C97: Gas-niedertemperaturgerät 120-400 kw (standgerät) | D97: Gaskedel, kondenserende, 120-400 kW | E97: =VLOOKUP(Table1[[#This Row],[Navn DK]],product_nodes_new_id!A:B,2,FALSE) -> 1f75a72d-b473-5fe1-aa06-589dba893d35 | F97: 2643.1359 | G97: 66.894753 | H97: 3.2651648 | I97: -417.11442 | J97: 1 | K97: stk | L97: 937 | M97: kg/stk. | N97: https://www.oekobaudat.de/OEKOBAU.DAT/resource/processes/f9043619-1d1a-4af1-a42d-8bff43c7cd9c?version=20.23.050
... A111: #G0463 | B111: Generisk data | C111: Kunststoffteil aus laminiertem polyesterharz (gfk, 30% glasfaseranteil) | D111: Glasfiber-forstærket plast, polyester (30% fiberandel) | E111: =VLOOKUP(Table1[[#This Row],[Navn DK]],product_nodes_new_id!A:B,2,FALSE) -> 7d47b8da-1681-5b4c-86b1-fe8d9875e63f | F111: 3.322874 | G111: 1.59591 | H111: 0 | I111: -0.46631274 | J111: 1 | K111: kg | L111: 1400 | M111: kg/m³ | N111: https://www.oekobaudat.de/OEKOBAU.DAT/resource/processes/d03450fd-9438-43f7-9ee8-45faa63b1333?version=20.23.050
A112: #G1198 | B112: Generisk data | C112: VELUX modular skylight (double glazing configuration) | D112: Glastag, aluminium (komplet vindue med 2-lags rude) | E112: f794010b-144a-5d09-9cd5-c40c666b348e | F112: 181.79 | G112: 3.38 | H112: 1.21 | I112: -24.8 | J112: 1 | K112: M2 | L112: 57.8 | M112: kg/m² | N112: https://oekobaudat.de/OEKOBAU.DAT/resource/datastocks/c391de0f-2cfd-47ea-8883-c661d294e2ba/processes/f54c9732-257c-4de7-a633-091187f219ac?format=html&lang=en&version=00.02.000
A113: #G0856 | B113: Generisk data | C113: Voranstrich (silikonharz) | D113: Grunder til silikonespuds | E113: =VLOOKUP(Table1[[#This Row],[Navn DK]],product_nodes_new_id!A:B,2,FALSE) -> 883c1a29-7414-5f44-853e-ed0238c4a5ff | F113: 0.71152117 | G113: 0 | H113: 0.017601035 | I113: 0 | J113: 1 | K113: kg | L113: 1550 | M113: kg/m³ | N113: https://www.oekobaudat.de/OEKOBAU.DAT/resource/processes/8ad88978-affe-46c4-9e69-73a886779876?version=20.23.050
A114: #G0561 | B114: Generisk data | C114: Voranstrich (silikat-dispersion) | D114: Grunder, silikat dispersion | E114: =VLOOKUP(Table1[[#This Row],[Navn DK]],product_nodes_new_id!A:B,2,FALSE) -> c2d1e0fe-c3db-5a81-9776-d74f87109e95 | F114: 0.5868995 | G114: 0 | H114: 0.017601035 | I114: 0 | J114: 1 | K114: kg | L114: 1 | M114: kg/kg | N114: https://www.oekobaudat.de/OEKOBAU.DAT/resource/processes/d6dc8844-4d8a-4abe-8ce9-db39c965f5bf?version=20.23.050
A115: #G0193 | B115: Generisk data | C115: Schotter 16/32 (getrocknet) | D115: Grus 16/32 (tørret) | E115: =VLOOKUP(Table1[[#This Row],[Navn DK]],product_nodes_new_id!A:B,2,FALSE) -> 26f64a66-2a3d-56a1-afde-3c968c0888b5 | F115: 0.027318428 | G115: 0.0067659246 | H115: 0 | I115: -0.0015746196 | J115: 1 | K115: kg | L115: 1400 | M115: kg/m³ | N115: https://www.oekobaudat.de/OEKOBAU.DAT/resource/processes/2f04b410-9ca3-4984-a9f2-8475a6e9b5c1?version=20.23.050
A116: #G0846 | B116: Generisk data | C116: Kies 2/32 (getrocknet) | D116: Grus 2-32 mm | E116: =VLOOKUP(Table1[[#This Row],[Navn DK]],product_nodes_new_id!A:B,2,FALSE) -> 8c46ae35-cf40-599c-9282-9615242f6fc0 | F116: 0.032837115 | G116: 0.0073919647 | H116: 0 | I116: -0.0014432309 | J116: 1 | K116: kg | L116: 1850 | M116: kg/m³ | N116: https://www.oekobaudat.de/OEKOBAU.DAT/resource/processes/6b1052ed-f1f0-4f35-919b-3884df8da950?version=20.23.050
A117: #G0158 | B117: Generisk data | C117: Kies 2/32 (getrocknet) | D117: Grus 2-32 mm, tørret | E117: =VLOOKUP(Table1[[#This Row],[Navn DK]],product_nodes_new_id!A:B,2,FALSE) -> 1cf0bed4-b3d8-537b-8656-e5d1fecc0544 | F117: 0.032837115 | G117: 0.0073919647 | H117: 0 | I117: -0.0014432309 | J117: 1 | K117: kg | L117: 1850 | M117: kg/m³ | N117: https://www.oekobaudat.de/OEKOBAU.DAT/resource/processes/6b1052ed-f1f0-4f35-919b-3884df8da950?version=20.23.050
A118: #G0638 | B118: Generisk data | C118: Splitt 2/15 (getrocknet) | D118: Grus, 2-15 mm, tørret | E118: =VLOOKUP(Table1[[#This Row],[Navn DK]],product_nodes_new_id!A:B,2,FALSE) -> 30dc885f-9070-5b40-a4d7-efbaeed9e024 | F118: 0.027318428 | G118: 0.0067659246 | H118: 0 | I118: -0.0015746196 | J118: 1 | K118: kg | L118: 1 | M118: kg/kg | N118: https://www.oekobaudat.de/OEKOBAU.DAT/resource/processes/6e54b3c4-5399-4579-bb31-397cc271e341?version=20.23.050
A119: #G0203 | B119: Generisk data | C119: Grauguss bauteil | D119: Grå støbejern | E119: =VLOOKUP(Table1[[#This Row],[Navn DK]],product_nodes_new_id!A:B,2,FALSE) -> 3d8cc01e-560b-5539-aa75-676489462161 | F119: 1.5356952 | G119: 0 | H119: 0 | I119: 0.12038913 | J119: 1 | K119: kg | L119: 1 | M119: kg/kg | N119: https://www.oekobaudat.de/OEKOBAU.DAT/resource/processes/02beebbe-d658-461d-9f3f-a80cc3c92a83?version=20.23.050
A120: #G0659 | B120: Generisk data | C120: Fußbodenheizung pp (100 mm abstand) | D120: Gulvvarme PP (100 mm) | E120: =VLOOKUP(Table1[[#This Row],[Navn DK]],product_nodes_new_id!A:B,2,FALSE) -> e5265018-9852-5942-ac58-6c35ba0b67b9 | F120: 5.9662952 | G120: 6.6745788 | H120: 0.0033441967 | I120: -2.1318502 | J120: 1 | K120: M2 | L120: 1.9 | M120: kg/m² | N120: https://www.oekobaudat.de/OEKOBAU.DAT/resource/processes/979226f9-7902-47c6-8cee-5a94ba63185a?version=20.23.050
A121: #G0477 | B121: Generisk data | C121: Fußbodenheizung kupfer (100 mm abstand) | D121: Gulvvarme, PEX (200 mm afstand) | E121: =VLOOKUP(Table1[[#This Row],[Navn DK]],product_nodes_new_id!A:B,2,FALSE) -> 16553ee7-3c92-53b5-a44d-b624fada110e | F121: 21.731037 | G121: 3.1616426 | H121: 0.01003259 | I121: -5.0562313 | J121: 1 | K121: M2 | L121: 5.7 | M121: kg/m² | N121: https://www.oekobaudat.de/OEKOBAU.DAT/resource/processes/f55e9321-9133-4259-8abe-fe9cd8ae9171?version=20.23.050
A122: #G0719 | B122: Generisk data | C122: Fußbodenheizung kupfer (200 mm abstand) | D122: Gulvvarme, PP (200 mm afstand) | E122: =VLOOKUP(Table1[[#This Row],[Navn DK]],product_nodes_new_id!A:B,2,FALSE) -> 4972470a-8f44-5c9f-b18a-70018cdc1c8b | F122: 12.647495 | G122: 3.1616426 | H122: 0.0058083416 | I122: -3.0330275 | J122: 1 | K122: M2 | L122: 3.3 | M122: kg/m² | N122: https://www.oekobaudat.de/OEKOBAU.DAT/resource/processes/1a068fac-fca7-4891-8891-4511e1711b4c?version=20.23.050
A123: #G0927 | B123: Generisk data | C123: Fußbodenheizung pex (200 mm abstand) | D123: Gulvvarme, kobber (100 mm afstand) | E123: =VLOOKUP(Table1[[#This Row],[Navn DK]],product_nodes_new_id!A:B,2,FALSE) -> c9105cf8-dd7e-5574-8fd9-62ac1970953c | F123: 4.848536 | G123: 4.9181107 | H123: 0.0024641449 | I123: -1.570837 | J123: 1 | K123: M2 | L123: 1.4 | M123: kg/m² | N123: https://www.oekobaudat.de/OEKOBAU.DAT/resource/processes/03c47c52-3265-49d9-8804-6c447031ce73?version=20.23.050
A124: #G0140 | B124: Generisk data | C124: Fußbodenheizung pex (100 mm abstand) | D124: Gulvvarme, kobber (200 mm afstand) | E124: =VLOOKUP(Table1[[#This Row],[Navn DK]],product_nodes_new_id!A:B,2,FALSE) -> 2ba55bb2-dca3-5252-800f-35235bdb9f8b | F124: 6.1331193 | G124: 6.6745788 | H124: 0.0033441967 | I124: -2.1318502 | J124: 1 | K124: M2 | L124: 1.9 | M124: kg/m² | N124: https://www.oekobaudat.de/OEKOBAU.DAT/resource/processes/87860f4c-ffd2-4fd9-a381-04b3975c28ae?version=20.23.050
... A130: #G0533 | B130: Generisk data | C130: Hpl-platte | D130: HPL- plade | E130: =VLOOKUP(Table1[[#This Row],[Navn DK]],product_nodes_new_id!A:B,2,FALSE) -> e714ed2e-3f08-50fe-af53-45ca0d6d0b87 | F130: -239.96885 | G130: 2332.5991 | H130: 0 | I130: -544.18976 | J130: 1 | K130: M3 | L130: 1400 | M130: kg/m³ | N130: https://www.oekobaudat.de/OEKOBAU.DAT/resource/processes/b2afc2f7-d973-442f-bda4-5d37a047534f?version=20.23.050
A131: #B1346 | B131: Branche data | C131: - | D131: Huldæk element, 22 cm, 6-10 forspændingsliner | E131: daa11502-050c-40b1-83fe-aeb78a97dc4d | F131: 49.8 | G131: 1.04 | H131: 0.76 | I131: -0.705 | J131: 1 | K131: M2 | L131: 344.6 | M131: kg/m² | N131: https://www.epddanmark.dk/media/ksolk4dz/md-20017-da_rev2-betonelement-foreningen.pdf
A132: #B1354 | B132: Branche data | C132: - | D132: Huldæk element, 32 cm, 11-17 forspændingsliner | E132: ebfd477a-4b8f-44c9-8af5-f9f3930aa89b | F132: 67.9 | G132: 1.37 | H132: 1 | I132: -0.925 | J132: 1 | K132: M2 | L132: 451.4 | M132: kg/m² | N132: https://www.epddanmark.dk/media/ksolk4dz/md-20017-da_rev2-betonelement-foreningen.pdf
A133: #B1350 | B133: Branche data | C133: - | D133: Huldæk element, 32 cm, 6-10 forspændingsliner | E133: e88f66cc-eab3-41c8-a056-4879376aa232 | F133: 66.4 | G133: 1.4 | H133: 1.03 | I133: -0.953 | J133: 1 | K133: M2 | L133: 459.6 | M133: kg/m² | N133: https://www.epddanmark.dk/media/ksolk4dz/md-20017-da_rev2-betonelement-foreningen.pdf
A134: #G0404 | B134: Generisk data | C134: Flachsvlies | D134: Hørfiberdug | E134: =VLOOKUP(Table1[[#This Row],[Navn DK]],product_nodes_new_id!A:B,2,FALSE) -> c935c02d-6c76-53d9-be5c-11faf291f1b5 | F134: 33.821863 | G134: 82.193094 | H134: 0 | I134: -17.876544 | J134: 1 | K134: M3 | L134: 38 | M134: kg/m³ | N134: https://www.oekobaudat.de/OEKOBAU.DAT/resource/processes/1edb805d-08dc-461e-8195-05a9865470d0?version=20.23.050
A135: #G0691 | B135: Generisk data | C135: Calziumsilikatplatte | D135: Kalciumsilikatplade | E135: =VLOOKUP(Table1[[#This Row],[Navn DK]],product_nodes_new_id!A:B,2,FALSE) -> c59da102-e025-57cf-bf6c-9e18e2fc65ec | F135: 564.89547 | G135: 5.9331921 | H135: 0 | I135: -0.32472695 | J135: 1 | K135: M3 | L135: 225 | M135: kg/m³ | N135: https://www.oekobaudat.de/OEKOBAU.DAT/resource/processes/e76bbf03-1aa3-4ebd-90b9-8abfeabb9766?version=20.23.050
A136: #G0880 | B136: Generisk data | C136: Calciumsulfatestrich | D136: Kalciumsulfat | E136: =VLOOKUP(Table1[[#This Row],[Navn DK]],product_nodes_new_id!A:B,2,FALSE) -> dadeb077-15dd-500b-92bc-3b9234bdf098 | F136: 0.10594139 | G136: 0 | H136: 0.016092732 | I136: 0 | J136: 1 | K136: kg | L136: 1500 | M136: kg/m³ | N136: https://www.oekobaudat.de/OEKOBAU.DAT/resource/processes/8e1613f4-ef3e-4f4e-b337-c755c08cad6b?version=20.23.050
A137: #G0248 | B137: Generisk data | C137: Kalk (cao; feinkalk) | D137: Kalk, malet | E137: =VLOOKUP(Table1[[#This Row],[Navn DK]],product_nodes_new_id!A:B,2,FALSE) -> 8a038f5e-0aef-5f49-a79f-3ea147c91718 | F137: 1.4623134 | G137: 0 | H137: 0 | I137: 0 | J137: 1 | K137: kg | L137: 1 | M137: kg/kg | N137: https://www.oekobaudat.de/OEKOBAU.DAT/resource/processes/d63868d0-5a54-40fd-ad33-5eee2b0228e1?version=20.23.050
A138: #D1580 | B138: Dansk generisk data | C138: - | D138: Kalkcementmørtel | E138: =VLOOKUP(Table1[[#This Row],[Navn DK]],product_nodes_new_id!A:B,2,FALSE) -> 198b40b0-af2f-53e9-990b-08fa862e069b | F138: 273.9 | G138: 2.981 | H138: 0.9042 | I138: -1.818 | J138: 1 | K138: ton | L138: 1850 | M138: kg/m³ | N138: https://vbn.aau.dk/da/publications/udvikling-af-dansk-generisk-lca-data?
A139: #G0217 | B139: Generisk data | C139: Kalkputzmörtel | D139: Kalkpuds | E139: =VLOOKUP(Table1[[#This Row],[Navn DK]],product_nodes_new_id!A:B,2,FALSE) -> b023edd9-074f-5e9d-a870-c67b82d03c3e | F139: 397.7086 | G139: 0 | H139: 28.966917 | I139: 0 | J139: 1 | K139: M3 | L139: 1800 | M139: kg/m³ | N139: https://www.oekobaudat.de/OEKOBAU.DAT/resource/processes/54e731d4-b14d-48eb-bbe5-02eb19e6a7e3?version=20.23.050
A140: #G1041 | B140: Generisk data | C140: Kalk-innenputz | D140: Kalkpuds, tørstof | E140: =VLOOKUP(Table1[[#This Row],[Navn DK]],product_nodes_new_id!A:B,2,FALSE) -> 5fb821fa-d4d2-5cc1-8ea8-8c158e2c9b81 | F140: 192.98975 | G140: 0 | H140: 14.483458 | I140: 0 | J140: 1 | K140: M3 | L140: 900 | M140: kg/m³ | N140: https://www.oekobaudat.de/OEKOBAU.DAT/resource/processes/e0fdab1d-684b-44a5-8453-ef0f887addab?version=20.23.050
A141: #D1511 | B141: Dansk generisk data | C141: - | D141: Kalksandsten | E141: =VLOOKUP(Table1[[#This Row],[Navn DK]],product_nodes_new_id!A:B,2,FALSE) -> af6c5484-67d6-5b7c-bd1b-516a0824261f | F141: 229.9 | G141: 2.75 | H141: 15.4 | I141: -4.041 | J141: 1 | K141: ton | L141: 1800 | M141: kg/m³ | N141: https://vbn.aau.dk/da/publications/udvikling-af-dansk-generisk-lca-data?
A142: #G1114 | B142: Generisk data | C142: Steinzeugfliesen glasiert | D142: Keramikfliser, glaseret | E142: =VLOOKUP(Table1[[#This Row],[Navn DK]],product_nodes_new_id!A:B,2,FALSE) -> 25cf5586-4d7e-56f6-ad37-11cbd7df1f06 | F142: 6.0438651 | G142: 0.14783929 | H142: 0 | I142: -0.028864618 | J142: 1 | K142: M2 | L142: 20 | M142: kg/m² | N142: https://www.oekobaudat.de/OEKOBAU.DAT/resource/processes/422b43de-406b-46fa-8a87-c5d446fba399?version=20.23.050
A143: #G0340 | B143: Generisk data | C143: Steinzeugfliesen unglasiert | D143: Keramikfliser, u-glaseret | E143: d5e3af1b-87bf-5061-a6bd-5ba4c38f3e49 | F143: 6.7140328 | G143: 0.14783929 | H143: 0 | I143: -0.028864618 | J143: 1 | K143: M2 | L143: 20 | M143: kg/m² | N143: https://www.oekobaudat.de/OEKOBAU.DAT/resource/processes/3830f872-628b-4e3f-8370-b7c6efcfcc70?version=20.23.050
A144: #G0369 | B144: Generisk data | C144: Furnierschichtholz (generisch) | D144: Kertotræ (LVL) | E144: 5e9cb921-b1a4-5955-9b7d-6a3a05835201 | F144: -424.39939 | G144: 1010.2276 | H144: 0 | I144: -235.72681 | J144: 1 | K144: M3 | L144: 465.7 | M144: kg/m³ | N144: https://www.oekobaudat.de/OEKOBAU.DAT/resource/processes/6931f21e-27bd-4eb4-b80a-f1eab2817ee0?version=20.23.050
A145: #G0303 | B145: Generisk data | C145: Chlorodifluormethan (r22) | D145: Klordifluormethan (R22) | E145: =VLOOKUP(Table1[[#This Row],[Navn DK]],product_nodes_new_id!A:B,2,FALSE) -> ac7c107e-9855-5735-9518-b8de44f9da58 | F145: 7.9196621 | G145: 0 | H145: 0 | I145: 1.5652746 | J145: 1 | K145: kg | L145: 1 | M145: kg/kg | N145: https://www.oekobaudat.de/OEKOBAU.DAT/resource/processes/3e5bc771-47de-4d5f-b01c-d64eec397dce?version=20.23.050
A146: #G0986 | B146: Generisk data | C146: Gas-brennwertgerät < 20 kw (standgerät) | D146: Kondenserende gaskedel <20 kW (standalone enhed) | E146: =VLOOKUP(Table1[[#This Row],[Navn DK]],product_nodes_new_id!A:B,2,FALSE) -> 02a89881-dd6c-56e7-877b-8f02a8a5b1de | F146: 735.68107 | G146: 20.563684 | H146: 2.0304532 | I146: -152.2404 | J146: 1 | K146: stk | L146: 133 | M146: kg/stk. | N146: https://www.oekobaudat.de/OEKOBAU.DAT/resource/processes/230a51a2-2892-414f-9357-49e1df9fb9d0?version=20.23.050
A147: #G0547 | B147: Generisk data | C147: Gas-brennwertgerät < 20 kw (wandgerät) | D147: Kondenserende gaskedel <20 kW (væg enhed) | E147: =VLOOKUP(Table1[[#This Row],[Navn DK]],product_nodes_new_id!A:B,2,FALSE) -> 2c23dbce-99ad-541f-8328-98492e74475c | F147: 470.17211 | G147: 13.149894 | H147: 1.2973968 | I147: -97.30359 | J147: 1 | K147: stk | L147: 85 | M147: kg/stk. | N147: https://www.oekobaudat.de/OEKOBAU.DAT/resource/processes/31b5024e-90db-4fc8-b6f8-b8919a54eff9?version=20.23.050
A148: #G0873 | B148: Generisk data | C148: Gas-brennwertgerät 120-400 kw (standgerät) | D148: Kondenserende gaskedel 120-400 kW (standalone enhed) | E148: =VLOOKUP(Table1[[#This Row],[Navn DK]],product_nodes_new_id!A:B,2,FALSE) -> ab788b4f-890b-56e0-9f61-eac38e796adf | F148: 3456.8602 | G148: 152.20383 | H148: 3.4316642 | I148: -1126.765 | J148: 1 | K148: stk | L148: 974 | M148: kg/stk. | N148: https://www.oekobaudat.de/OEKOBAU.DAT/resource/processes/2099e104-ce43-4c05-a923-a7a8b044dd6f?version=20.23.050
A149: #G0996 | B149: Generisk data | C149: Gas-brennwertgerät 20-120 kw (standgerät) | D149: Kondenserende gaskedel 20-120 kW (standalone enhed) | E149: =VLOOKUP(Table1[[#This Row],[Navn DK]],product_nodes_new_id!A:B,2,FALSE) -> 951fe0b1-c251-5af0-bc0d-a8b9a9792e1f | F149: 1256.7119 | G149: 44.040553 | H149: 2.4916229 | I149: -325.95648 | J149: 1 | K149: stk | L149: 283 | M149: kg/stk. | N149: https://www.oekobaudat.de/OEKOBAU.DAT/resource/processes/0b82bbb7-4048-4da5-830c-e040e9f3a929?version=20.23.050
...

Sheet product_nodes_new_id
A1: Danish name | B1: id | C1: unit
A2: 3-lags-rude | B2: 2633e48e-1e63-5765-aba6-aa6b6b683de0
A3: Afretningslag, cementbaseret | B3: e376df1c-29c6-5928-8bcc-2bfdd08bd63e
A4: Afretningslag, hårdeplast | B4: cb07a54a-f9aa-5139-840b-03db8db822e5
A5: Aircondition (direkte fordamper) (per 1 kW) | B5: 4e027c0a-b06c-5003-ae4a-cc13b31f4ef9
A6: Aluminium, støbegods | B6: 105a2244-c406-5ac7-8695-d1e2b2ed0e8f
A7: Aluminiumsfolie (d=0,1 mm) | B7: 3956c273-6549-57a3-a889-1ba0b51832e4
A8: Aluminiumsplade | B8: a1dbf112-7b04-5e88-9bf8-380a14e48f84
A9: Aluminiumsprofil | B9: f181bb37-59db-5203-897e-b3b4da47173d
A10: Ammoniak (R717) | B10: 8dd8910c-0a03-557f-b4d2-7b9ed709ce72
A11: Anhydrit mix | B11: d9b64c96-49b6-5267-8b3e-ade0e43b6f14
A12: Armeringsnet | B12: b3c6e51a-db0c-52e5-a0f1-1d416dbf5c33
A13: Asfalt, bærelag | B13: fff4fb8e-9d9a-53fc-be3a-2573ad3321a1
... A466: ​Rulleskodder, PVC | B466: aa94b285-776c-5649-8e8d-83cb96654d2d
