Workbook

Sheet Sheet1
A1: Sorterings ID | B1: Data type | C1: Navn DE/ENG | D1: Navn DK | E1: UUID | F1: Global Opvarmning, modul A1-A3 | G1: Global Opvarmning, modul C3 | H1: Global Opvarmning, modul C4 | I1: Global Opvarmning, modul D | J1: Deklareret faktor (FU) | K1: Deklareret enhed (FU) | L1: Masse faktor | M1: Masse enhed | N1: Url (link) | O1: Kommentar
A2: #G0149 | B2: Generisk data | C2: Kunstharzestrich | D2: Afretningslag, hårdt plast | E2: =VLOOKUP(Table1[[#This Row],[Navn DK]],product_nodes_new_id!A:C,3,FALSE) -> c1e386eb-042a-4b05-b29f-1f5587627613 | F2: 0.31541417 | G2: 0 | H2: 0.017601035 | I2: 0 | J2: 1 | K2: kg | L2: 1800 | M2: kg/m³ | N2: https://www.oekobaudat.de/OEKOBAU.DAT/resource/processes/8f060568-aca6-4375-86f4-340b806962c4?version=20.23.050
A3: #G1057 | B3: Generisk data | C3: Klimagerät (direktverdampfer) (pro 1 kw) | D3: Aircondition (direkte fordamper) (per 1 kW) | E3: =VLOOKUP(Table1[[#This Row],[Navn DK]],product_nodes_new_id!A:C,3,FALSE) -> 1709dfe7-3f83-4105-a169-128b869fa84b | F3: 45.504058 | G3: 2.9339393 | H3: 0.5122522 | I3: -19.228392 | J3: 1 | K3: stk | L3: 13.4 | M3: kg/stk. | N3: https://www.oekobaudat.de/OEKOBAU.DAT/resource/processes/9da0974d-cd0c-402f-a72e-ee07f2da68d6?version=20.23.050
A4: #D1525 | B4: Dansk generisk data | C4: - | D4: Akustikpanel, glasuld, tekstil, 20 mm | E4: =VLOOKUP(Table1[[#This Row],[Navn DK]],product_nodes_new_id!A:C,3,FALSE) -> 8f5be1d1-95d9-4f8b-9fa3-9892b6166451 | F4: 9.955 | G4: 0 | H4: 0.03608 | I4: -0.1809 | J4: 1 | K4: m² | L4: 154 | M4: kg/m³ | N4: https://vbn.aau.dk/da/publications/udvikling-af-dansk-generisk-lca-data?
A5: #D1526 | B5: Dansk generisk data | C5: - | D5: Akustikpanel, glasuld, tekstil, 40 mm | E5: =VLOOKUP(Table1[[#This Row],[Navn DK]],product_nodes_new_id!A:C,3,FALSE) -> a3daac12-50b5-433c-a210-109a3c3a1004 | F5: 13.2 | G5: 0 | H5: 0.03608 | I5: -0.1809 | J5: 1 | K5: m² | L5: 126 | M5: kg/m³ | N5: https://vbn.aau.dk/da/publications/udvikling-af-dansk-generisk-lca-data?
A6: #D1619 | B6: Dansk generisk data | C6: - | D6: Akustikpanel, strå | E6: =VLOOKUP(Table1[[#This Row],[Navn DK]],product_nodes_new_id!A:C,3,FALSE) -> 4e4d085f-eab6-4836-a7cc-473fb3184f32 | F6: -135.126 | G6: 453.2 | H6: 23.76 | I6: -131.4 | J6: 1 | K6: m³ | L6: 280 | M6: kg/m³ | N6: https://vbn.aau.dk/da/publications/udvikling-af-dansk-generisk-lca-data?
A7: #D1523 | B7: Dansk generisk data | C7: - | D7: Akustikpanel, træbeton, malet | E7: =VLOOKUP(Table1[[#This Row],[Navn DK]],product_nodes_new_id!A:C,3,FALSE) -> 634786fd-a36e-4ba6-8f6a-280ddee5d989 | F7: 2.1835 | G7: 0 | H7: 11 | I7: -0.4986 | J7: 1 | K7: m² | L7: 470.5 | M7: kg/m³ | N7: https://vbn.aau.dk/da/publications/udvikling-af-dansk-generisk-lca-data?
A8: #D1522 | B8: Dansk generisk data | C8: - | D8: Akustikpanel, træbeton, umalet | E8: =VLOOKUP(Table1[[#This Row],[Navn DK]],product_nodes_new_id!A:C,3,FALSE) -> a6527cf6-5b42-456b-a035-bddbea69c068 | F8: 1.65825 | G8: 0 | H8: 11.11 | I8: -0.5013 | J8: 1 | K8: m² | L8: 459.5 | M8: kg/m³ | N8: https://vbn.aau.dk/da/publications/udvikling-af-dansk-generisk-lca-data?
A9: #D1524 | B9: Dansk generisk data | C9: - | D9: Akustikpanel, trælister på filt | E9: =VLOOKUP(Table1[[#This Row],[Navn DK]],product_nodes_new_id!A:C,3,FALSE) -> 078ba92b-1e88-4fce-987d-5875b22997fc | F9: 24.937 | G9: 14.19 | H9: 0 | I9: -1.8 | J9: 1 | K9: m² | L9: 8.65 | M9: kg/m² | N9: https://vbn.aau.dk/da/publications/udvikling-af-dansk-generisk-lca-data?
A10: #D1617 | B10: Dansk generisk data | C10: - | D10: Akustikpanel, ålegræs | E10: =VLOOKUP(Table1[[#This Row],[Navn DK]],product_nodes_new_id!A:C,3,FALSE) -> 7b7d9385-cb7c-4a14-81b1-e5a046b94be4 | F10: -3.22704 | G10: 8.2896 | H10: 0 | I10: -1.52064 | J10: 1 | K10: m² | L10: 137 | M10: kg/m³ | N10: https://vbn.aau.dk/da/publications/udvikling-af-dansk-generisk-lca-data?
A11: #D1618 | B11: Dansk generisk data | C11: - | D11: Akustikpanel, ålegræs, brandhæmmende | E11: =VLOOKUP(Table1[[#This Row],[Navn DK]],product_nodes_new_id!A:C,3,FALSE) -> 56b26361-f5ab-4794-9e3b-0e273252c151 | F11: -1.57248 | G11: 7.6032 | H11: 0 | I11: -1.37376 | J11: 1 | K11: m² | L11: 137 | M11: kg/m³ | N11: https://vbn.aau.dk/da/publications/udvikling-af-dansk-generisk-lca-data?
A12: #G0956 | B12: Generisk data | C12: Gussteile aus aluminium | D12: Aluminium, støbegods | E12: =VLOOKUP(Table1[[#This Row],[Navn DK]],product_nodes_new_id!A:C,3,FALSE) -> 6c3eb5c1-e1fb-4139-aff5-1255b8ab4d86 | F12: 11.009422 | G12: 0 | H12: 0 | I12: -7.2765834 | J12: 1 | K12: kg | L12: 2700 | M12: kg/m³ | N12: https://www.oekobaudat.de/OEKOBAU.DAT/resource/processes/568f2c96-2d04-43ff-bf03-8e48de9f11ff?version=20.23.050
A13: #G0625 | B13: Generisk data | C13: Aluminiumfolie (d=0,1 mm) | D13: Aluminiumsfolie (d=0,1 mm) | E13: =VLOOKUP(Table1[[#This Row],[Navn DK]],product_nodes_new_id!A:C,3,FALSE) -> 8686d990-a212-4b00-81cd-bbe92534180c | F13: 3.1169807 | G13: 0 | H13: 0 | I13: -2.0374433 | J13: 1 | K13: m² | L13: 0.28 | M13: kg/m² | N13: https://www.oekobaudat.de/OEKOBAU.DAT/resource/processes/0fdc2fd3-fe48-499f-9158-74a6cc7185dc?version=20.23.050
... A78: #G0919 | B78: Generisk data | C78: Strom-wärmepumpe (sole-wasser, erdsonde) 20 kw | D78: El-varmepumpe (lodret jordvarme, saltvand) 20 kW | E78: =VLOOKUP(Table1[[#This Row],[Navn DK]],product_nodes_new_id!A:C,3,FALSE) -> c313a56c-9082-4b74-88e4-d60754d5dfce | F78: 1942.5485 | G78: 4.28193 | H78: 0.11906196 | I78: -128.28384 | J78: 1 | K78: stk | L78: 1498 | M78: kg/stk. | N78: https://www.oekobaudat.de/OEKOBAU.DAT/resource/processes/37ca01de-bb46-4648-a937-7ac200da6142?version=20.23.050
A79: #S0001 | B79: Standardværdi | C79: - | D79: Enfamiliehuse, afløb | E79: =VLOOKUP(Table1[[#This Row],[Navn DK]],product_nodes_new_id!A:C,3,FALSE) -> #N/A | F79: 0.008 | G79: 0.012 | H79: 0 | I79: -0.01 | L79: 0.031356308 | M79: kg/m² | N79: https://vbn.aau.dk/da/publications/klimap%C3%A5virkning-fra-nybyggeri-analytisk-grundlag-til-fastl%C3%A6ggelse?
A80: #S0002 | B80: Standardværdi | C80: - | D80: Enfamiliehuse, vand | E80: =VLOOKUP(Table1[[#This Row],[Navn DK]],product_nodes_new_id!A:C,3,FALSE) -> #N/A | F80: 0.048 | G80: 0.012 | H80: 0 | I80: -0.025 | L80: 0.29057177 | M80: kg/m² | N80: https://vbn.aau.dk/da/publications/klimap%C3%A5virkning-fra-nybyggeri-analytisk-grundlag-til-fastl%C3%A6ggelse?
A81: #S0003 | B81: Standardværdi | C81: - | D81: Enfamiliehuse, varme, ventilation og køl | E81: =VLOOKUP(Table1[[#This Row],[Navn DK]],product_nodes_new_id!A:C,3,FALSE) -> #N/A | F81: 0.475 | G81: 0.105 | H81: 0 | I81: -0.274 | L81: 3.3126424 | M81: kg/m² | N81: https://vbn.aau.dk/da/publications/klimap%C3%A5virkning-fra-nybyggeri-analytisk-grundlag-til-fastl%C3%A6ggelse?
A82: #G0181 | B82: Generisk data | C82: Epdm schaum (rohrisolierung) | D82: EPDM skum (rørisolering) | E82: =VLOOKUP(Table1[[#This Row],[Navn DK]],product_nodes_new_id!A:C,3,FALSE) -> 1d3af4fa-1a6c-4d82-a67d-5508da3ed13e | F82: 231.75146 | G82: 137.84678 | H82: 0.088510024 | I82: -47.806694 | J82: 1 | K82: m³ | L82: 55 | M82: kg/m³ | N82: https://www.oekobaudat.de/OEKOBAU.DAT/resource/processes/fb2fb3cd-df97-4077-99fd-082117ba81f6?version=20.23.050
A83: #G0680 | B83: Generisk data | C83: Epdm-dichtungen für aluminiumprofil | D83: EPDM-tætning til aluminiumsprofil | E83: =VLOOKUP(Table1[[#This Row],[Navn DK]],product_nodes_new_id!A:C,3,FALSE) -> 230fd192-0c04-4417-820b-47333b1cd7ff | F83: 0.55722887 | G83: 0.56459889 | H83: 0.56434064 | I83: -0.46772945 | J83: 1 | K83: m | L83: 0.18 | M83: kg/m | N83: https://www.oekobaudat.de/OEKOBAU.DAT/resource/processes/01a66f11-99ef-4fec-b34b-d68a377820ee?version=20.23.050
A84: #G0299 | B84: Generisk data | C84: Epdm-dichtungen aluminiumprofil, thermisch getrennt | D84: EPDM-tætning til aluminiumsprofil, med kuldebroafbrydelse | E84: =VLOOKUP(Table1[[#This Row],[Navn DK]],product_nodes_new_id!A:C,3,FALSE) -> 7f957323-e2de-4f9c-b8d3-e0635cbc9e17 | F84: 1.3311579 | G84: 1.348764 | H84: 1.3481471 | I84: -1.1173537 | J84: 1 | K84: m | L84: 0.43 | M84: kg/m | N84: https://www.oekobaudat.de/OEKOBAU.DAT/resource/processes/f0b03a7a-06f1-45c9-9597-e6c60907f3e0?version=20.23.050
A85: #D1601 | B85: Dansk generisk data | C85: - | D85: Epoxy gulvsystem | E85: =VLOOKUP(Table1[[#This Row],[Navn DK]],product_nodes_new_id!A:C,3,FALSE) -> 17aac44d-082d-49d7-8bd1-4d00422e1b82 | F85: 6.391 | G85: 0.5907 | H85: 0 | I85: -0.135 | J85: 1 | K85: kg | L85: 2.25 | M85: kg/dm³ | N85: https://vbn.aau.dk/da/publications/udvikling-af-dansk-generisk-lca-data?
A86: #D1559 | B86: Dansk generisk data | C86: - | D86: EPS isolering, grå, 30 kPa | E86: =VLOOKUP(Table1[[#This Row],[Navn DK]],product_nodes_new_id!A:C,3,FALSE) -> 3a0c6c3a-45bb-44d7-bdd2-e84afed836ab | F86: 0.8624 | G86: 1.3084 | H86: 2.3532e-05 | I86: -0.35028 | J86: 1 | K86: m² with R=1 m²K/W | L86: 11.2 | M86: kg/m³ | N86: https://vbn.aau.dk/da/publications/udvikling-af-dansk-generisk-lca-data?
A87: #D1560 | B87: Dansk generisk data | C87: - | D87: EPS isolering, grå, 60 kPa | E87: =VLOOKUP(Table1[[#This Row],[Navn DK]],product_nodes_new_id!A:C,3,FALSE) -> 8e9a9593-1278-4a0b-9c04-47f2505f2961 | F87: 1.518 | G87: 1.507 | H87: 2.7104e-05 | I87: -0.04158 | J87: 1 | K87: m² with R=1 m²K/W | L87: 12.9 | M87: kg/m³ | N87: https://vbn.aau.dk/da/publications/udvikling-af-dansk-generisk-lca-data?
A88: #D1561 | B88: Dansk generisk data | C88: - | D88: EPS isolering, grå, 80 kPa | E88: =VLOOKUP(Table1[[#This Row],[Navn DK]],product_nodes_new_id!A:C,3,FALSE) -> 19aa760f-403b-4ee0-89af-beb668edd6ff | F88: 2.42132 | G88: 1.738 | H88: 8.481e-05 | I88: -0.04599 | J88: 1 | K88: m² with R=1 m²K/W | L88: 16 | M88: kg/m³ | N88: https://vbn.aau.dk/da/publications/udvikling-af-dansk-generisk-lca-data?
A89: #D1556 | B89: Dansk generisk data | C89: - | D89: EPS isolering, hvid, 60 kPa | E89: =VLOOKUP(Table1[[#This Row],[Navn DK]],product_nodes_new_id!A:C,3,FALSE) -> 9428374e-1fe4-4554-b688-e8745feb63e4 | F89: 2.50954 | G89: 1.87 | H89: 9.108e-05 | I89: -0.08712 | J89: 1 | K89: m² with R=1 m²K/W | L89: 13.25 | M89: kg/m³ | N89: https://vbn.aau.dk/da/publications/udvikling-af-dansk-generisk-lca-data?
A90: #D1557 | B90: Dansk generisk data | C90: - | D90: EPS isolering, hvid, 80 kPa | E90: =VLOOKUP(Table1[[#This Row],[Navn DK]],product_nodes_new_id!A:C,3,FALSE) -> 96f0943e-8964-4bfa-b019-63a815402d76 | F90: 2.68235 | G90: 2.024 | H90: 9.878e-05 | I90: -0.0945 | J90: 1 | K90: m² with R=1 m²K/W | L90: 15 | M90: kg/m³ | N90: https://vbn.aau.dk/da/publications/udvikling-af-dansk-generisk-lca-data?
A91: #D1558 | B91: Dansk generisk data | C91: - | D91: EPS isolering, hvid, over 80 kPa | E91: =VLOOKUP(Table1[[#This Row],[Navn DK]],product_nodes_new_id!A:C,3,FALSE) -> 2d704b40-77ee-4051-9f91-aa602955e797 | F91: 4.560985 | G91: 6.6946 | H91: 0.0002299 | I91: -0.1062 | J91: 1 | K91: m² with R=1 m²K/W | L91: 37 | M91: kg/m³ | N91: https://vbn.aau.dk/da/publications/udvikling-af-dansk-generisk-lca-data?
A92: #S0007 | B92: Standardværdi | C92: - | D92: Etageboliger, afløb | E92: =VLOOKUP(Table1[[#This Row],[Navn DK]],product_nodes_new_id!A:C,3,FALSE) -> #N/A | F92: 0.056 | G92: 0.064 | H92: 0 | I92: -0.048 | L92: 0.46 | M92: kg/m² | N92: https://vbn.aau.dk/da/publications/klimap%C3%A5virkning-fra-nybyggeri-analytisk-grundlag-til-fastl%C3%A6ggelse?
A93: #S0008 | B93: Standardværdi | C93: - | D93: Etageboliger, vand | E93: =VLOOKUP(Table1[[#This Row],[Navn DK]],product_nodes_new_id!A:C,3,FALSE) -> #N/A | F93: 0.05 | G93: 0.01 | H93: 0 | I93: -0.02 | L93: 0.52 | M93: kg/m² | N93: https://vbn.aau.dk/da/publications/klimap%C3%A5virkning-fra-nybyggeri-analytisk-grundlag-til-fastl%C3%A6ggelse?
A94: #S0009 | B94: Standardværdi | C94: - | D94: Etageboliger,varme, ventilation og køl | E94: =VLOOKUP(Table1[[#This Row],[Navn DK]],product_nodes_new_id!A:C,3,FALSE) -> #N/A | F94: 0.394 | G94: 0.081 | H94: 0 | I94: -0.222 | L94: 3.59 | M94: kg/m² | N94: https://vbn.aau.dk/da/publications/klimap%C3%A5virkning-fra-nybyggeri-analytisk-grundlag-til-fastl%C3%A6ggelse?
A95: #G1266 | B95: Generisk data | C95: Wdvs verklebung und beschichtung leichtputz mineralisch | D95: ETICS limning og mineralsk letpuds | E95: =VLOOKUP(Table1[[#This Row],[Navn DK]],product_nodes_new_id!A:C,3,FALSE) -> 9e9e75f5-ad1e-4b5c-8e8b-5e1daae6c2e6 | F95: 4.84914 | G95: 0.132 | H95: 0.18056045 | I95: 0 | J95: 1 | K95: m² | L95: 11.4 | M95: kg/m² | N95: https://www.oekobaudat.de/OEKOBAU.DAT/resource/processes/aeb54e7e-6950-41c5-a10e-0ba3b38ea774?version=20.23.050
A96: #G1270 | B96: Generisk data | C96: Wdvs verklebung und beschichtung dekorputz mineralisch | D96: ETICS limning og mineralsk puds (Dekorputz) | E96: =VLOOKUP(Table1[[#This Row],[Navn DK]],product_nodes_new_id!A:C,3,FALSE) -> 48a4d96e-3d96-40d4-97f5-28032673d766 | F96: 7.5849222 | G96: 0.184 | H96: 0.27711684 | I96: 0 | J96: 1 | K96: m² | L96: 17.4 | M96: kg/m² | N96: https://www.oekobaudat.de/OEKOBAU.DAT/resource/processes/f873f2a7-560a-410c-97e7-dfe121134b26?version=20.23.050
A97: #G1234 | B97: Generisk data | C97: Wdvs verklebung und beschichtung kratzputz mineralisch | D97: ETICS limning og mineralsk puds (Kratzputz) | E97: =VLOOKUP(Table1[[#This Row],[Navn DK]],product_nodes_new_id!A:C,3,FALSE) -> e3310871-06f0-460e-a397-3d29184ea863 | F97: 10.108488 | G97: 0.385 | H97: 0.56607793 | I97: 0 | J97: 1 | K97: m² | L97: 35.18 | M97: kg/m² | N97: https://www.oekobaudat.de/OEKOBAU.DAT/resource/processes/8dec64ad-430f-4c96-bae1-e46814af2b70?version=20.23.050
A98: #G1287 | B98: Generisk data | C98: Wdvs verklebung und beschichtung silikonharzputz | D98: ETICS limning og silikonepuds | E98: =VLOOKUP(Table1[[#This Row],[Navn DK]],product_nodes_new_id!A:C,3,FALSE) -> aaa2f3dd-e84d-47ac-9b33-fccdc2e59c02 | F98: 5.5528861 | G98: 0 | H98: 0.20077292 | I98: 0 | J98: 1 | K98: m² | L98: 12.3 | M98: kg/m² | N98: https://www.oekobaudat.de/OEKOBAU.DAT/resource/processes/6e95743d-cdf3-4646-a6ea-f9b2bb752821?version=20.23.050
A99: #G1251 | B99: Generisk data | C99: Wdvs verklebung und beschichtung silikat-dispersionsputz | D99: ETICS-limning og belægning af silikatdispersionspuds | E99: =VLOOKUP(Table1[[#This Row],[Navn DK]],product_nodes_new_id!A:C,3,FALSE) -> 1f996148-b368-49af-8ccd-5b3d58ffae39 | F99: 5.5528861 | G99: 0 | H99: 0.20077292 | I99: 0 | J99: 1 | K99: m² | L99: 12.48 | M99: kg/m² | N99: https://www.oekobaudat.de/OEKOBAU.DAT/resource/processes/2d42602d-9913-43ed-8703-d953f7854bca?version=20.23.050
A100: #G1256 | B100: Generisk data | C100: Wdvs verklebung und beschichtung kunstharzputz | D100: ETICS-limning og belægning af syntetisk harpikspuds | E100: =VLOOKUP(Table1[[#This Row],[Navn DK]],product_nodes_new_id!A:C,3,FALSE) -> b39cc74b-0baa-4aab-85cf-141ba14b6b33 | F100: 6.540646 | G100: 0 | H100: 0.20077292 | I100: 0 | J100: 1 | K100: m² | L100: 12.48 | M100: kg/m² | N100: https://www.oekobaudat.de/OEKOBAU.DAT/resource/processes/46a05844-3fbf-47ef-889a-e7f1a4b4f825?version=20.23.050
A101: #G0327 | B101: Generisk data | C101: Eva-dachbahnen | D101: EVA-tagmembran | E101: =VLOOKUP(Table1[[#This Row],[Navn DK]],product_nodes_new_id!A:C,3,FALSE) -> cde8fc0b-16d0-455a-bf9a-d74e1ee76ea7 | F101: 5.3863566 | G101: 7.9650125 | H101: 0 | I101: -2.7684055 | J101: 1 | K101: m² | L101: 2 | M101: kg/m² | N101: https://www.oekobaudat.de/OEKOBAU.DAT/resource/processes/60203e0a-cd90-4ff9-8ec7-da3a1b0b1588?version=20.23.050
A102: #B1425 | B102: Branche data | C102: - | D102: Fabriksbeton (C20/25 SCC) i eksponeringsklasserne X0 og XC1 | E102: =VLOOKUP(Table1[[#This Row],[Navn DK]],product_nodes_new_id!A:C,3,FALSE) -> 2a4eeb06-d482-4d14-a273-25c588249278 | F102: 215 | G102: 6.94 | H102: 5.13 | I102: -4.74 | J102: 1 | K102: m³ | L102: 2212 | M102: kg/m³ | N102: https://www.epddanmark.dk/media/qoelm3vd/md-20011-da_rev1-dansk-beton-fabriksbetonforeningen.pdf
A103: #B1433 | B103: Branche data | C103: - | D103: Fabriksbeton (C25/30) i eksponeringsklasserne X0 og XC1 | E103: =VLOOKUP(Table1[[#This Row],[Navn DK]],product_nodes_new_id!A:C,3,FALSE) -> 28349df7-497b-441c-887a-13f575e90704 | F103: 241 | G103: 6.73 | H103: 4.97 | I103: -4.6 | J103: 1 | K103: m³ | L103: 2246 | M103: kg/m³ | N103: https://www.epddanmark.dk/media/qoelm3vd/md-20011-da_rev1-dansk-beton-fabriksbetonforeningen.pdf
A104: #B1477 | B104: Branche data | C104: - | D104: Fabriksbeton C30/37 | E104: =VLOOKUP(Table1[[#This Row],[Navn DK]],product_nodes_new_id!A:C,3,FALSE) -> 459ec55a-4e24-4612-8e0f-a3778eba2466 | F104: 282 | G104: 6.72 | H104: 4.97 | I104: -4.6 | J104: 1 | K104: m³ | L104: 2255 | M104: kg/m³ | N104: https://www.epddanmark.dk/media/c3alzank/md-20012-da_rev1-dansk-beton-fabriksbetonforeningen.pdf
A105: #B1441 | B105: Branche data | C105: - | D105: Fabriksbeton C35/45 – CEM I | E105: =VLOOKUP(Table1[[#This Row],[Navn DK]],product_nodes_new_id!A:C,3,FALSE) -> 44de1496-59c5-49ba-bef7-d7e3ec718f59 | F105: 362 | G105: 7.07 | H105: 5.23 | I105: -4.84 | J105: 1 | K105: m³ | L105: 2267 | M105: kg/m³ | N105: https://www.epddanmark.dk/media/nvwgry4v/md-20013-da_rev1-dansk-beton-fabriksbetonforeningen.pdf
A106: #B1437 | B106: Branche data | C106: - | D106: Fabriksbeton C35/45 – CEM I SR-5 | E106: =VLOOKUP(Table1[[#This Row],[Navn DK]],product_nodes_new_id!A:C,3,FALSE) -> 9aff917e-d287-4300-be30-fb91b7c0f80e | F106: 403 | G106: 6.85 | H106: 5.06 | I106: -4.68 | J106: 1 | K106: m³ | L106: 2304 | M106: kg/m³ | N106: https://www.epddanmark.dk/media/nvwgry4v/md-20013-da_rev1-dansk-beton-fabriksbetonforeningen.pdf
... A199: #B1332 | B199: Branche data | C199: - | D199: Konstruktionstræ af nåletræ, utørret og opsavet (Forbrænding EoL) | E199: =VLOOKUP(Table1[[#This Row],[Navn DK]],product_nodes_new_id!A:C,3,FALSE) -> c868207d-e604-40da-907a-00a3e9428bfd | F199: -664 | G199: 709 | H199: 0 | I199: -425 | J199: 1 | K199: m³ | L199: 644 | M199: kg/m³ | N199: https://www.epddanmark.dk/media/oxujrihc/md-20001-en-tr%c3%a6-dk-c-o-tr%c3%a6-og-m%c3%b8belindustrien.pdf
A200: #S0010 | B200: Standardværdi | C200: - | D200: Kontor, skoler og daginstitutioner, afløb | E200: =VLOOKUP(Table1[[#This Row],[Navn DK]],product_nodes_new_id!A:C,3,FALSE) -> #N/A | F200: 0.047 | G200: 0.053 | H200: 0 | I200: -0.028 | L200: 0.14 | M200: kg/m² | N200: https://vbn.aau.dk/da/publications/klimap%C3%A5virkning-fra-nybyggeri-analytisk-grundlag-til-fastl%C3%A6ggelse?
A201: #S0011 | B201: Standardværdi | C201: - | D201: Kontor, skoler og daginstitutioner, vand | E201: =VLOOKUP(Table1[[#This Row],[Navn DK]],product_nodes_new_id!A:C,3,FALSE) -> #N/A | F201: 0.049 | G201: 0.011 | H201: 0 | I201: -0.014 | L201: 0.76 | M201: kg/m² | N201: https://vbn.aau.dk/da/publications/klimap%C3%A5virkning-fra-nybyggeri-analytisk-grundlag-til-fastl%C3%A6ggelse?
A202: #S0012 | B202: Standardværdi | C202: - | D202: Kontor, skoler og daginstitutioner, varme, ventilation og køl | E202: =VLOOKUP(Table1[[#This Row],[Navn DK]],product_nodes_new_id!A:C,3,FALSE) -> #N/A | F202: 0.815 | G202: 0.023 | H202: 0 | I202: -0.517 | L202: 6.85 | M202: kg/m² | N202: https://vbn.aau.dk/da/publications/klimap%C3%A5virkning-fra-nybyggeri-analytisk-grundlag-til-fastl%C3%A6ggelse?
A203: #G1091 | B203: Generisk data | C203: Korklinoleum fußbodenbelag | D203: Kork linoleumsgulv (tykkelse 0,0025 m) | E203: =VLOOKUP(Table1[[#This Row],[Navn DK]],product_nodes_new_id!A:C,3,FALSE) -> 10259ee3-1701-43cb-808a-9f8f35bb2d20 | F203: 4.1236966 | G203: 4.5905927 | H203: 0 | I203: -1.4055088 | J203: 1 | K203: m² | L203: 3.1 | M203: kg/m² | N203: https://www.oekobaudat.de/OEKOBAU.DAT/resource/processes/f3a3bf90-a295-4aab-9bfc-af3fe20c921b?version=20.23.050
A204: #G0366 | B204: Generisk data | C204: Expandierter kork | D204: Kork, expanderet | E204: =VLOOKUP(Table1[[#This Row],[Navn DK]],product_nodes_new_id!A:C,3,FALSE) -> 9e3aadf3-93f3-41d3-80d5-5eb10e83cb99 | F204: -86.428743 | G204: 138.15062 | H204: 0 | I204: -38.746561 | J204: 1 | K204: m³ | L204: 80 | M204: kg/m³ | N204: https://www.oekobaudat.de/OEKOBAU.DAT/resource/processes/c1d62b9b-d4bb-4220-b5b5-d078d527f457?version=20.23.050
A205: #G1174 | B205: Generisk data | C205: Korkplatten 1m2, 4 mm (generisch) | D205: Korkfliser 4 mm | E205: =VLOOKUP(Table1[[#This Row],[Navn DK]],product_nodes_new_id!A:C,3,FALSE) -> 472b9b47-8c07-432c-9ad5-357fda558de7 | F205: -1.6807386 | G205: 3.0056984 | H205: 0 | I205: -0.64191333 | J205: 1 | K205: m² | L205: 1.8 | M205: kg/m² | N205: https://www.oekobaudat.de/OEKOBAU.DAT/resource/processes/2d82e639-2be1-4861-92f8-944623ee385e?version=20.23.050
A206: #G1169 | B206: Generisk data | C206: Korkplatten 1m2, 6 mm (generisch) | D206: Korkfliser 6 mm | E206: =VLOOKUP(Table1[[#This Row],[Navn DK]],product_nodes_new_id!A:C,3,FALSE) -> 249144de-b91a-445f-a829-8dec14b2b9e2 | F206: -2.5211079 | G206: 4.5085476 | H206: 0 | I206: -0.96287 | J206: 1 | K206: m² | L206: 2.7 | M206: kg/m² | N206: https://www.oekobaudat.de/OEKOBAU.DAT/resource/processes/4116031f-9ee7-4ac0-93e7-972c4b2de8a0?version=20.23.050
A207: #G1160 | B207: Generisk data | C207: Korkplatten 1 m², 8 mm (generisch) | D207: Korkfliser 8 mm | E207: =VLOOKUP(Table1[[#This Row],[Navn DK]],product_nodes_new_id!A:C,3,FALSE) -> 1548c026-4728-4c55-a00b-7c5ad8e09a00 | F207: -3.3614772 | G207: 6.0113968 | H207: 0 | I207: -1.2838267 | J207: 1 | K207: m² | L207: 3.6 | M207: kg/m² | N207: https://www.oekobaudat.de/OEKOBAU.DAT/resource/processes/717cc09a-e2c5-48fb-913e-24b54fc5e851?version=20.23.050
A208: #B1496 | B208: Branche data | C208: - | D208: Krydsfiner, ubehandlet (Forbrænding EoL) | E208: =VLOOKUP(Table1[[#This Row],[Navn DK]],product_nodes_new_id!A:C,3,FALSE) -> f67b60dd-eb6d-4b59-bc8d-189feaf7f8b3 | F208: -599 | G208: 743 | H208: 0 | I208: -391 | J208: 1 | K208: m³ | L208: 480 | M208: kg/m³ | N208: https://www.epddanmark.dk/media/luijc3vg/md-20008-en_rev2_tr%c3%a6dk.pdf
A209: #B1318 | B209: Branche data | C209: - | D209: Krydslamineret træ, CLT (Forbrænding EoL) | E209: =VLOOKUP(Table1[[#This Row],[Navn DK]],product_nodes_new_id!A:C,3,FALSE) -> 5388c41d-3ad1-436c-bb41-393f65726aba | F209: -664 | G209: 744 | H209: 0 | I209: -387 | J209: 1 | K209: m³ | L209: 470 | M209: kg/m³ | N209: https://www.epddanmark.dk/media/tmwhxyym/md-20007-en_rev1_tr%c3%a6dk.pdf
A210: #G0445 | B210: Generisk data | C210: Kohlenstoffdioxid (r744) | D210: Kuldioxid (R744) | E210: =VLOOKUP(Table1[[#This Row],[Navn DK]],product_nodes_new_id!A:C,3,FALSE) -> 4535b225-7d7d-441a-8494-95a32d4d4be9 | F210: 1.040868 | G210: 0 | H210: 0 | I210: -0.86161763 | J210: 1 | K210: kg | L210: 1 | M210: kg/kg | N210: https://www.oekobaudat.de/OEKOBAU.DAT/resource/processes/d2ca1ae9-8d5e-480e-bd57-70c73dd1da50?version=20.23.050
A211: #G0270 | B211: Generisk data | C211: Kunststeinplatte (epoxidharz gebunden) | D211: Kunststenplade (bundet af epoxyharpiks) | E211: =VLOOKUP(Table1[[#This Row],[Navn DK]],product_nodes_new_id!A:C,3,FALSE) -> 8c8f7705-c216-4ded-824e-61df2c6d5dc0 | F211: 26.13832 | G211: 0.38438216 | H211: 0 | I211: -0.075048007 | J211: 1 | K211: m² | L211: 52 | M211: kg/m² | N211: https://www.oekobaudat.de/OEKOBAU.DAT/resource/processes/11440edc-cfba-40af-bd2d-0db71afe444b?version=20.23.050
A212: #G1070 | B212: Generisk data | C212: Kältemittel r404a | D212: Kølemiddel (R404a) | E212: =VLOOKUP(Table1[[#This Row],[Navn DK]],product_nodes_new_id!A:C,3,FALSE) -> 3aeaefe3-90cc-433b-972b-37d5ac616855 | F212: 11.029799 | G212: 0 | H212: 0 | I212: -9.1316799 | J212: 1 | K212: kg | L212: 1 | M212: kg/kg | N212: https://www.oekobaudat.de/OEKOBAU.DAT/resource/processes/c3ed198f-1951-4bc2-8802-372454e9b4a2?version=20.23.050
A213: #G0939 | B213: Generisk data | C213: Kältemittel r404a | D213: Kølemiddel (R407c) | E213: =VLOOKUP(Table1[[#This Row],[Navn DK]],product_nodes_new_id!A:C,3,FALSE) -> 83e09437-e12c-4bb3-9eb5-921b68af9acb | F213: 11.029799 | G213: 0 | H213: 0 | I213: -9.1316799 | J213: 1 | K213: kg | L213: 1 | M213: kg/kg | N213: https://www.oekobaudat.de/OEKOBAU.DAT/resource/processes/c3ed198f-1951-4bc2-8802-372454e9b4a2?version=20.23.050
A214: #G0483 | B214: Generisk data | C214: Kältemittel r404a | D214: Kølemiddel (R410a) | E214: =VLOOKUP(Table1[[#This Row],[Navn DK]],product_nodes_new_id!A:C,3,FALSE) -> d964cac2-b99d-482a-8b16-7a4b79e512d5 | F214: 11.029799 | G214: 0 | H214: 0 | I214: -9.1316799 | J214: 1 | K214: kg | L214: 1 | M214: kg/kg | N214: https://www.oekobaudat.de/OEKOBAU.DAT/resource/processes/c3ed198f-1951-4bc2-8802-372454e9b4a2?version=20.23.050
... A337: #G0629 | B337: Generisk data | C337: Kunststoffprofil silikon | D337: Plastprofil, silikone | E337: =VLOOKUP(Table1[[#This Row],[Navn DK]],product_nodes_new_id!A:C,3,FALSE) -> 3ae9f50c-d7be-42e1-81e6-58d2388c125c | F337: 7.6944977 | G337: 1.0140733 | H337: 0 | I337: -0.29607158 | J337: 1 | K337: kg | L337: 1 | M337: kg/kg | N337: https://www.oekobaudat.de/OEKOBAU.DAT/resource/processes/56674647-992d-4d42-8955-fb3617c1404e?version=20.23.050
A338: #D1632 | B338: Dansk generisk data | C338: - | D338: Plastvindue i hård PVC med stålindlæg i profilet og 3-lags rude | E338: =VLOOKUP(Table1[[#This Row],[Navn DK]],product_nodes_new_id!A:C,3,FALSE) -> f0abd06c-3231-4d62-86ae-c1c4bf88f645 | F338: 101.233 | G338: 10.879 | H338: 0.5368 | I338: -23.2 | J338: 1 | K338: m² | L338: 38.7 | M338: kg/m² | N338: https://www.epddanmark.dk/media/44tddsrk/md-22041-da.pdf | O338: Udarbejdet af SBST med konservativ faktor 1,1, uden konservativ faktor for modul D
A339: #D1633 | B339: Dansk generisk data | C339: - | D339: Plastvindue med glasfiberforstærket profil (FRP) og 3-lags rude | E339: =VLOOKUP(Table1[[#This Row],[Navn DK]],product_nodes_new_id!A:C,3,FALSE) -> a29d54c3-ee6f-4098-a436-f7ac26677edb | F339: 87.164 | G339: 8.371 | H339: 0.5324 | I339: -15.4 | J339: 1 | K339: m² | L339: 35.1 | M339: kg/m² | N339: https://www.epddanmark.dk/media/msth4oem/md-22042-da.pdf | O339: Udarbejdet af SBST med konservativ faktor 1,1, uden konservativ faktor for modul D
A340: #G0572 | B340: Generisk data | C340: Polybutadien-rohr (pb) | D340: Polybutadiene rør (PB) | E340: =VLOOKUP(Table1[[#This Row],[Navn DK]],product_nodes_new_id!A:C,3,FALSE) -> f97ffcba-2aa5-44e7-bb1d-0984ae4fa2c8 | F340: 4.00159 | G340: 3.2202061 | H340: 0.0016092732 | I340: -1.2229304 | J340: 1 | K340: kg | L340: 1 | M340: kg/kg | N340: https://www.oekobaudat.de/OEKOBAU.DAT/resource/processes/5a9bb863-f67d-4b2c-b34f-3eb8ed1c8b42?version=20.23.050
A341: #G0656 | B341: Generisk data | C341: Polycarbonatplatte | D341: Polycarbonatplade | E341: =VLOOKUP(Table1[[#This Row],[Navn DK]],product_nodes_new_id!A:C,3,FALSE) -> 80b90fb0-cce4-41d1-9b23-4b774643164d | F341: 5.4982037 | G341: 3.325946 | H341: 0 | I341: -0.87548833 | J341: 1 | K341: kg | L341: 1200 | M341: kg/m³ | N341: https://www.oekobaudat.de/OEKOBAU.DAT/resource/processes/3f617412-e411-4b33-b81f-27e1ec0a6545?version=20.23.050
A342: #G0687 | B342: Generisk data | C342: Polyethylen-schaum | D342: Polyethylen-skum | E342: =VLOOKUP(Table1[[#This Row],[Navn DK]],product_nodes_new_id!A:C,3,FALSE) -> fc738fef-1713-4ec5-a232-14f5ea47ca14 | F342: 2.9211785 | G342: 3.9825062 | H342: 0 | I342: -1.3842027 | J342: 1 | K342: kg | L342: 30 | M342: kg/m³ | N342: https://www.oekobaudat.de/OEKOBAU.DAT/resource/processes/fa802cb7-a64d-48b3-b928-0f9976420d37?version=20.23.050
A343: #G0650 | B343: Generisk data | C343: Schüttung aus polystyrolschaumstoff-partikeln (zementgebunden) | D343: Polystyren granulat (cementbundet) | E343: =VLOOKUP(Table1[[#This Row],[Navn DK]],product_nodes_new_id!A:C,3,FALSE) -> a23c0546-a56f-456c-9f49-508d9d3ec013 | F343: 162.1128 | G343: 103.37879 | H343: 0 | I343: -36.241512 | J343: 1 | K343: m³ | L343: 350 | M343: kg/m³ | N343: https://www.oekobaudat.de/OEKOBAU.DAT/resource/processes/84e317e1-9d87-4246-bd95-0777aaf2dc3f?version=20.23.050
A344: #G0161 | B344: Generisk data | C344: Schüttung aus polystyrolschaumstoff-partikeln (ohne bindemittel) | D344: Polystyren skumfyldning (uden bindemiddel) | E344: =VLOOKUP(Table1[[#This Row],[Navn DK]],product_nodes_new_id!A:C,3,FALSE) -> 70d0bbbe-7601-4761-99f5-1a730ce303bb | F344: 48.969156 | G344: 55.381493 | H344: 0 | I344: -19.415096 | J344: 1 | K344: m³ | L344: 15 | M344: kg/m³ | N344: https://www.oekobaudat.de/OEKOBAU.DAT/resource/processes/198043f5-de31-4fab-a300-53639b983dd1?version=20.23.050
A345: #G0632 | B345: Generisk data | C345: Polyurethan hartschaum (rohrisolierung) | D345: Polyurethanskum (rørisolering) | E345: =VLOOKUP(Table1[[#This Row],[Navn DK]],product_nodes_new_id!A:C,3,FALSE) -> a00136b9-4788-4af7-ad5c-fa734ce07903 | F345: 152.9946 | G345: 2.7341241 | H345: 0.0017601035 | I345: -0.79749236 | J345: 1 | K345: m³ | L345: 30 | M345: kg/m³ | N345: https://www.oekobaudat.de/OEKOBAU.DAT/resource/processes/fb68a5d1-82eb-4e36-b5bd-8db0f3ee7a6d?version=20.23.050
A346: #D1512 | B346: Dansk generisk data | C346: - | D346: Porebeton | E346: =VLOOKUP(Table1[[#This Row],[Navn DK]],product_nodes_new_id!A:C,3,FALSE) -> 03456e47-92ae-4816-ba13-6481b20b9db3 | F346: 243.1 | G346: 7.051 | H346: 6.479 | I346: -1.377 | J346: 1 | K346: m³ | L346: 545 | M346: kg/m³ | N346: https://vbn.aau.dk/da/publications/udvikling-af-dansk-generisk-lca-data?
A347: #G0973 | B347: Generisk data | C347: Porenbeton p4 05 unbewehrt | D347: Porebeton 472 kg/m³ | E347: =VLOOKUP(Table1[[#This Row],[Navn DK]],product_nodes_new_id!A:C,3,FALSE) -> 73fb8dba-8942-4e2f-b1e9-74c988db0682 | F347: 224.83033 | G347: 3.1935164 | H347: 0 | I347: -0.74322046 | J347: 1 | K347: m³ | L347: 472 | M347: kg/m³ | N347: https://www.oekobaudat.de/OEKOBAU.DAT/resource/processes/3c6051d0-2062-4a92-9f4c-0d48c911978d?version=20.23.050
A348: #G0242 | B348: Generisk data | C348: Porenbeton p4 05 bewehrt | D348: Porebeton 474 kg/m³, armeret | E348: =VLOOKUP(Table1[[#This Row],[Navn DK]],product_nodes_new_id!A:C,3,FALSE) -> cfa4c902-fcd4-4351-bf02-5d7b4792278e | F348: 261.96034 | G348: 3.3810678 | H348: 0 | I348: 3.4616052 | J348: 1 | K348: m³ | L348: 500 | M348: kg/m³ | N348: https://www.oekobaudat.de/OEKOBAU.DAT/resource/processes/34aa0d55-ab02-41f0-84e1-f8a28cc6280e?version=20.23.050
A349: #G0746 | B349: Generisk data | C349: Porenbeton granulat | D349: Porebeton granulat | E349: =VLOOKUP(Table1[[#This Row],[Navn DK]],product_nodes_new_id!A:C,3,FALSE) -> 8c682a8a-82ed-49ac-92ac-5375b90bf392 | F349: 5.5578227 | G349: 2.7063698 | H349: 0 | I349: -0.62984785 | J349: 1 | K349: m³ | L349: 400 | M349: kg/m³ | N349: https://www.oekobaudat.de/OEKOBAU.DAT/resource/processes/907545ae-8eac-47a7-9b1b-47a474a16749?version=20.23.050
A350: #D1513 | B350: Dansk generisk data | C350: - | D350: Porebeton, isoleringsplade | E350: =VLOOKUP(Table1[[#This Row],[Navn DK]],product_nodes_new_id!A:C,3,FALSE) -> d3b79c01-d4b0-4bf3-8fe4-a3fd849bba53 | F350: 108.24 | G350: 1.4878257 | H350: 1.3671284 | I350: -11.16 | J350: 1 | K350: m³ | L350: 115 | M350: kg/m³ | N350: https://vbn.aau.dk/da/publications/udvikling-af-dansk-generisk-lca-data?
A351: #D1588 | B351: Dansk generisk data | C351: - | D351: Primere og bindere | E351: =VLOOKUP(Table1[[#This Row],[Navn DK]],product_nodes_new_id!A:C,3,FALSE) -> 71f02bcc-b812-49de-86e3-543bc9df0d37 | F351: 2.904 | G351: 0.4719 | H351: 0 | I351: -0.3078 | J351: 1 | K351: kg | L351: 1500 | M351: kg/m³ | N351: https://vbn.aau.dk/da/publications/udvikling-af-dansk-generisk-lca-data?
... A370: #G0453 | B370: Generisk data | C370: Fahrtreppe - Komponenten (förderhöhenabhängig) | D370: Rulletrappe (komponenter, som er afhængige af højden) | E370: =VLOOKUP(Table1[[#This Row],[Navn DK]],product_nodes_new_id!A:C,3,FALSE) -> 5d72e2ad-d7cf-44f7-b9f2-7498f4e4bc85 | F370: 2602.9102 | G370: 25.011964 | H370: 2.4864499 | I370: -971.92272 | J370: 1 | K370: stk | L370: 800 | M370: kg/stk. | N370: https://www.oekobaudat.de/OEKOBAU.DAT/resource/processes/7ab14975-7e67-4226-9f08-c63448e6b70a?version=20.23.050
A371: #S0004 | B371: Standardværdi | C371: - | D371: Rækkehuse, afløb | E371: =VLOOKUP(Table1[[#This Row],[Navn DK]],product_nodes_new_id!A:C,3,FALSE) -> #N/A | F371: 0.046 | G371: 0.054 | H371: 0 | I371: -0.04 | L371: 0.58482076 | M371: kg/m² | N371: https://vbn.aau.dk/da/publications/klimap%C3%A5virkning-fra-nybyggeri-analytisk-grundlag-til-fastl%C3%A6ggelse?
A372: #S0005 | B372: Standardværdi | C372: - | D372: Rækkehuse, vand | E372: =VLOOKUP(Table1[[#This Row],[Navn DK]],product_nodes_new_id!A:C,3,FALSE) -> #N/A | F372: 0.024 | G372: 0.016 | H372: 0 | I372: -0.005 | L372: 0.22651481 | M372: kg/m² | N372: https://vbn.aau.dk/da/publications/klimap%C3%A5virkning-fra-nybyggeri-analytisk-grundlag-til-fastl%C3%A6ggelse?
A373: #S0006 | B373: Standardværdi | C373: - | D373: Rækkehuse, varme, ventilation og køl | E373: =VLOOKUP(Table1[[#This Row],[Navn DK]],product_nodes_new_id!A:C,3,FALSE) -> #N/A | F373: 0.376 | G373: 0.112 | H373: 0 | I373: -0.23 | L373: 2.9029578 | M373: kg/m² | N373: https://vbn.aau.dk/da/publications/klimap%C3%A5virkning-fra-nybyggeri-analytisk-grundlag-til-fastl%C3%A6ggelse?
A374: #G0976 | B374: Generisk data | C374: Rohre für strom-wärmepumpe (sole-wasser, erdkollektor) 10 kw | D374: Rør til el-varmepumpe (lodret jordvarme, saltvand), collector, 10 kW | E374: =VLOOKUP(Table1[[#This Row],[Navn DK]],product_nodes_new_id!A:C,3,FALSE) -> a29a95b0-5752-4cba-abe4-d840e1b8ea5a | F374: 359.78527 | G374: 0 | H374: 0 | I374: 0 | J374: 1 | K374: stk | L374: 141 | M374: kg/stk. | N374: https://www.oekobaudat.de/OEKOBAU.DAT/resource/processes/9044465d-5a05-442b-a82c-a40c26cf4150?version=20.23.050
A375: #G0844 | B375: Generisk data | C375: Rohre für strom-wärmepumpe (sole-wasser, erdkollektor) 20 kw | D375: Rør til el-varmepumpe (lodret jordvarme, saltvand), collector, 20 kW | E375: =VLOOKUP(Table1[[#This Row],[Navn DK]],product_nodes_new_id!A:C,3,FALSE) -> ce852235-b89d-404a-886b-2dbc92486121 | F375: 719.57055 | G375: 0 | H375: 0 | I375: 0 | J375: 1 | K375: stk | L375: 282 | M375: kg/stk. | N375: https://www.oekobaudat.de/OEKOBAU.DAT/resource/processes/f5499876-5da9-4807-a30e-9203559a1636?version=20.23.050
A376: #G0396 | B376: Generisk data | C376: Rohre für strom-wärmepumpe (sole-wasser, erdkollektor) 70 kw | D376: Rør til el-varmepumpe (lodret jordvarme, saltvand), collector, 70 kW | E376: =VLOOKUP(Table1[[#This Row],[Navn DK]],product_nodes_new_id!A:C,3,FALSE) -> bc717954-8b00-4bec-89ee-fac0cea9ef96 | F376: 2518.4969 | G376: 0 | H376: 0 | I376: 0 | J376: 1 | K376: stk | L376: 987 | M376: kg/stk. | N376: https://www.oekobaudat.de/OEKOBAU.DAT/resource/processes/4c1af887-edea-4350-8d75-e54e8b5ca7dc?version=20.23.050
A377: #G0219 | B377: Generisk data | C377: Rohre für strom-wärmepumpe (sole-wasser, erdsonde) 10 kw | D377: Rør til el-varmepumpe (lodret jordvarme, saltvand), probe, 10 kW | E377: =VLOOKUP(Table1[[#This Row],[Navn DK]],product_nodes_new_id!A:C,3,FALSE) -> c2f402bf-0e8a-407b-993b-3d669de472fd | F377: 595.82832 | G377: 0 | H377: 0 | I377: 0 | J377: 1 | K377: stk | L377: 188.8 | M377: kg/stk. | N377: https://www.oekobaudat.de/OEKOBAU.DAT/resource/processes/87e96a7e-8a0b-432f-930b-6b06d07c12c7?version=20.23.050
A378: #G0224 | B378: Generisk data | C378: Rohre für strom-wärmepumpe (sole-wasser, erdsonde) 20 kw | D378: Rør til el-varmepumpe (lodret jordvarme, saltvand), probe, 20 kW | E378: =VLOOKUP(Table1[[#This Row],[Navn DK]],product_nodes_new_id!A:C,3,FALSE) -> f84e2eae-c860-4ac6-8340-7b84a3f86187 | F378: 1749.2099 | G378: 0 | H378: 0 | I378: 0 | J378: 1 | K378: stk | L378: 551.5 | M378: kg/stk. | N378: https://www.oekobaudat.de/OEKOBAU.DAT/resource/processes/93a80673-df5c-4432-958f-f241ff31fd9a?version=20.23.050
A379: #G0620 | B379: Generisk data | C379: Rohre für strom-wärmepumpe (sole-wasser, erdsonde) 70 kw | D379: Rør til el-varmepumpe (lodret jordvarme, saltvand), probe, 70 kW | E379: =VLOOKUP(Table1[[#This Row],[Navn DK]],product_nodes_new_id!A:C,3,FALSE) -> d516bf31-c981-4358-87f6-82451157e6a0 | F379: 5843.4581 | G379: 0 | H379: 0 | I379: 0 | J379: 1 | K379: stk | L379: 1843.4 | M379: kg/stk. | N379: https://www.oekobaudat.de/OEKOBAU.DAT/resource/processes/734f7419-1378-4b79-af5e-09297e5965d9?version=20.23.050
A380: #G0432 | B380: Generisk data | C380: Rohre für strom-wärmepumpe (wasser-wasser) 10 kw | D380: Rør til el-varmepumpe (vand-vand) 10 kW | E380: =VLOOKUP(Table1[[#This Row],[Navn DK]],product_nodes_new_id!A:C,3,FALSE) -> cffbdf09-bdc6-401f-8ef3-f138c79235c7 | F380: 133.27072 | G380: 0 | H380: 0.015840932 | I380: -23.374686 | J380: 1 | K380: stk | L380: 33 | M380: kg/stk. | N380: https://www.oekobaudat.de/OEKOBAU.DAT/resource/processes/02b43df9-fe34-4839-ac3e-5b47cc5f7674?version=20.23.050
A381: #G0401 | B381: Generisk data | C381: Rohre für strom-wärmepumpe (wasser-wasser) 20 kw | D381: Rør til el-varmepumpe (vand-vand) 20 kW | E381: =VLOOKUP(Table1[[#This Row],[Navn DK]],product_nodes_new_id!A:C,3,FALSE) -> 04ea246a-c6dc-4c06-826e-c4bfeee1db84 | F381: 171.54575 | G381: 0 | H381: 0.015840932 | I381: -23.374686 | J381: 1 | K381: stk | L381: 48 | M381: kg/stk. | N381: https://www.oekobaudat.de/OEKOBAU.DAT/resource/processes/bbc25eaf-d126-4649-b8fa-0e90b67d314f?version=20.23.050
A382: #G0095 | B382: Generisk data | C382: Rohre für strom-wärmepumpe (wasser-wasser) 70 kw | D382: Rør til el-varmepumpe (vand-vand) 70 kW | E382: =VLOOKUP(Table1[[#This Row],[Navn DK]],product_nodes_new_id!A:C,3,FALSE) -> 9d0a2bad-0863-4844-98cc-5262b015b599 | F382: 410.6817 | G382: 0 | H382: 0.015840932 | I382: -23.374686 | J382: 1 | K382: stk | L382: 123 | M382: kg/stk. | N382: https://www.oekobaudat.de/OEKOBAU.DAT/resource/processes/4270c3ec-7943-4bac-99de-d53043f0f33c?version=20.23.050
A383: #G0470 | B383: Generisk data | C383: Abwasserrohr abs | D383: Rør, Afløbsrør, ABS | E383: =VLOOKUP(Table1[[#This Row],[Navn DK]],product_nodes_new_id!A:C,3,FALSE) -> 6687bb0a-eb5a-4bbd-b7ae-685275ba4318 | F383: 4.3514636 | G383: 2.5514598 | H383: 0 | I383: -1.1438409 | J383: 1 | K383: kg | L383: 1050 | M383: kg/m³ | N383: https://www.oekobaudat.de/OEKOBAU.DAT/resource/processes/9099dfdd-22a6-4dee-9b60-0e90701e9d99?version=20.23.050
A384: #G0119 | B384: Generisk data | C384: Abwasserrohr pvc | D384: Rør, Afløbsrør, PVC | E384: =VLOOKUP(Table1[[#This Row],[Navn DK]],product_nodes_new_id!A:C,3,FALSE) -> 6ce2cd90-d28e-45dc-aa5f-d2b4ad3c306e | F384: 2.5945412 | G384: 2.2829036 | H384: 0 | I384: -0.55814317 | J384: 1 | K384: kg | L384: 1 | M384: kg/kg | N384: https://www.oekobaudat.de/OEKOBAU.DAT/resource/processes/61e47e03-7a7d-48db-a48a-f5368266f7f5?version=20.23.050
A385: #G0611 | B385: Generisk data | C385: Abwasserrohr pp | D385: Rør, Kloakrør PP | E385: =VLOOKUP(Table1[[#This Row],[Navn DK]],product_nodes_new_id!A:C,3,FALSE) -> 20232bf9-0430-4b6a-a6f2-a35e9fb684a2 | F385: 2.4971156 | G385: 3.4523162 | H385: 0 | I385: -1.4267677 | J385: 1 | K385: kg | L385: 1 | M385: kg/kg | N385: https://www.oekobaudat.de/OEKOBAU.DAT/resource/processes/88558ef9-479f-405e-9e94-e36f817a3620?version=20.23.050
... A455: #G0221 | B455: Generisk data | C455: Schnittholz lärche (generisch, 12% feuchte/10,7% h2o) | D455: Træ, lærk | E455: =VLOOKUP(Table1[[#This Row],[Navn DK]],product_nodes_new_id!A:C,3,FALSE) -> a4a6f089-e124-47a1-a3ef-592fad6672c2 | F455: -902.76366 | G455: 1206.5775 | H455: 0 | I455: -369.48173 | J455: 1 | K455: m³ | L455: 660.8 | M455: kg/m³ | N455: https://www.oekobaudat.de/OEKOBAU.DAT/resource/processes/9d1d96af-3f9b-41fb-bd33-43ec9e2fd1fd?version=20.23.050
A456: #D1634 | B456: Dansk generisk data | C456: - | D456: Træ-alu vindue med 3-lags rude | E456: =VLOOKUP(Table1[[#This Row],[Navn DK]],product_nodes_new_id!A:C,3,FALSE) -> 8dd57442-c5c2-4925-ae27-94d90313d36f | F456: 90.585 | G456: 20.68 | H456: 1.199 | I456: -29.1 | J456: 1 | K456: m² | L456: 36.4 | M456: kg/m² | N456: https://www.epddanmark.dk/media/m2bfi4ei/md-22040-da.pdf | O456: Udarbejdet af SBST med konservativ faktor 1,1, uden konservativ faktor for modul D
A457: #G1035 | B457: Generisk data | C457: Schnittholz buche (generisch, 12% feuchte/10,7% h2o) | D457: Træbrædder, bøg (12% fugtighed / 10,7% H2O) | E457: =VLOOKUP(Table1[[#This Row],[Navn DK]],product_nodes_new_id!A:C,3,FALSE) -> 76a4c343-5507-440b-9740-99581854a61e | F457: -1031.9485 | G457: 1348.9573 | H457: 0 | I457: -413.0817 | J457: 1 | K457: m³ | L457: 739.2 | M457: kg/m³ | N457: https://www.oekobaudat.de/OEKOBAU.DAT/resource/processes/47522e31-78c8-43ea-aac4-c7c9d6ca30ab?version=20.23.050
A458: #D1626 | B458: Dansk generisk data | C458: - | D458: Træfiberisolering, løsuld | E458: =VLOOKUP(Table1[[#This Row],[Navn DK]],product_nodes_new_id!A:C,3,FALSE) -> 9b949ee8-bb5d-4d46-87d2-3d4f8561b288 | F458: -1.026 | G458: 2.44112 | H458: 0.0003718 | I458: -0.1269 | J458: 1 | K458: m² with R=1 m²K/W | L458: 36.75 | M458: kg/m³ | N458: https://vbn.aau.dk/da/publications/udvikling-af-dansk-generisk-lca-data?
A459: #D1627 | B459: Dansk generisk data | C459: - | D459: Træfiberisolering, plade | E459: =VLOOKUP(Table1[[#This Row],[Navn DK]],product_nodes_new_id!A:C,3,FALSE) -> 9b5310f8-c1e6-47d9-92bf-bc0fe9e5a0b2 | F459: -2.142 | G459: 3.223 | H459: 0.0002739 | I459: -0.1818 | J459: 1 | K459: m² with R=1 m²K/W | L459: 50 | M459: kg/m³ | N459: https://vbn.aau.dk/da/publications/udvikling-af-dansk-generisk-lca-data?
A460: #D1628 | B460: Dansk generisk data | C460: - | D460: Træfiberisolering, plade, trykfast | E460: =VLOOKUP(Table1[[#This Row],[Navn DK]],product_nodes_new_id!A:C,3,FALSE) -> 5ca952ec-48a4-420a-b7cb-e371297bab07 | F460: -166.5 | G460: 0 | H460: 244.2 | I460: -94.5 | J460: 1 | K460: m³ | L460: 140 | M460: kg/m³ | N460: https://vbn.aau.dk/da/publications/udvikling-af-dansk-generisk-lca-data?
A461: #G0862 | B461: Generisk data | C461: Holzfaserdämmplatte (nassverfahren) | D461: Træfiberisoleringsplade (våd proces) | E461: =VLOOKUP(Table1[[#This Row],[Navn DK]],product_nodes_new_id!A:C,3,FALSE) -> 9267b54f-1625-4f62-ba5f-713f32ae876a | F461: -170.40609 | G461: 300.6605 | H461: 0 | I461: -84.330751 | J461: 1 | K461: m³ | L461: 160 | M461: kg/m³ | N461: https://www.oekobaudat.de/OEKOBAU.DAT/resource/processes/eefa40b3-7156-43a9-b197-b908f204432b?version=20.23.050
A462: #G1296 | B462: Generisk data | C462: Hochdichte faserplatte (durchschnitt de) | D462: Træfiberplade, høj densitet, HDF | E462: =VLOOKUP(Table1[[#This Row],[Navn DK]],product_nodes_new_id!A:C,3,FALSE) -> 37211034-4ebf-48f7-9cb9-f7384d2d7e80 | F462: -887.3 | G462: 1237 | H462: 0 | I462: -34.44 | J462: 1 | K462: m³ | L462: 849.92 | M462: kg/m³ | N462: https://oekobaudat.de/OEKOBAU.DAT/datasetdetail/process.xhtml?uuid=f9f40b59-268d-4a0b-8c80-d978ac97608f&version=00.00.026&stock=OBD_2023_I&lang=en
A463: #G1297 | B463: Generisk data | C463: Mitteldichte faserplatte (durchschnitt de) | D463: Træfiberplade, medium densitet, MDF | E463: =VLOOKUP(Table1[[#This Row],[Navn DK]],product_nodes_new_id!A:C,3,FALSE) -> d472eab0-16e2-4038-bb82-634a265f48ba | F463: -764.4 | G463: 1092 | H463: 0 | I463: -13.44 | J463: 1 | K463: m³ | L463: 737.5 | M463: kg/m³ | N463: https://oekobaudat.de/OEKOBAU.DAT/datasetdetail/process.xhtml?uuid=b513a7f4-a689-4d5e-8efd-349fb25d21cb&version=00.00.026&stock=OBD_2023_I&lang=en
A464: #D1629 | B464: Dansk generisk data | C464: - | D464: Træfiberplade, trinlyd, tykkelse 30 - 40 mm | E464: =VLOOKUP(Table1[[#This Row],[Navn DK]],product_nodes_new_id!A:C,3,FALSE) -> 1d00bb0b-743c-4861-8b11-2a7f7e9cb6b8 | F464: -1.899 | G464: 16.72 | H464: 0.00209 | I464: -0.954 | J464: 1 | K464: m² | L464: 250 | M464: kg/m³ | N464: https://vbn.aau.dk/da/publications/udvikling-af-dansk-generisk-lca-data?
A465: #D1531 | B465: Dansk generisk data | C465: - | D465: Træfiberplade, vindspærre | E465: =VLOOKUP(Table1[[#This Row],[Navn DK]],product_nodes_new_id!A:C,3,FALSE) -> 9b1b617c-d680-41d8-8acb-e0b282cf392d | F465: 0.187 | G465: 0.3322 | H465: 0.0004543 | I465: -0.1233 | J465: 1 | K465: kg | L465: 255 | M465: kg/m³ | N465: https://vbn.aau.dk/da/publications/udvikling-af-dansk-generisk-lca-data?
...

Sheet product_nodes_new_id
A1: Danish name | B1: English name | C1: id | D1: unit
A2: Afretningslag, hårdt plast | B2: Tabel 7 2025: Synthetic resin screed | C2: c1e386eb-042a-4b05-b29f-1f5587627613
A3: Aircondition (direkte fordamper) (per 1 kW) | B3: Tabel 7 2025: Air conditioning system (per 1 kW) | C3: 1709dfe7-3f83-4105-a169-128b869fa84b
A4: Akustikpanel, glasuld, tekstil, 20 mm | C4: 8f5be1d1-95d9-4f8b-9fa3-9892b6166451
A5: Akustikpanel, glasuld, tekstil, 40 mm | C5: a3daac12-50b5-433c-a210-109a3c3a1004
A6: Akustikpanel, strå | C6: 4e4d085f-eab6-4836-a7cc-473fb3184f32
A7: Akustikpanel, træbeton, malet | C7: 634786fd-a36e-4ba6-8f6a-280ddee5d989
A8: Akustikpanel, træbeton, umalet | C8: a6527cf6-5b42-456b-a035-bddbea69c068
A9: Akustikpanel, trælister på filt | C9: 078ba92b-1e88-4fce-987d-5875b22997fc
A10: Akustikpanel, ålegræs | C10: 7b7d9385-cb7c-4a14-81b1-e5a046b94be4
A11: Akustikpanel, ålegræs, brandhæmmende | C11: 56b26361-f5ab-4794-9e3b-0e273252c151
A12: Aluminium, støbegods | B12: Tabel 7 2025: Aluminium die-cast parts | C12: 6c3eb5c1-e1fb-4139-aff5-1255b8ab4d86
A13: Aluminiumsfolie (d=0,1 mm) | B13: Tabel 7 2025: Aluminium foil (d=0.1 mm) | C13: 8686d990-a212-4b00-81cd-bbe92534180c
A14: Aluminiumsplade | B14: Tabel 7 2025: Aluminium sheet | C14: 013a53d1-8fed-427f-a79e-a6d21407ec3f
A15: Aluminiumsprofil | B15: Tabel 7 2025: Aluminium section | C15: 5317384e-7fc7-4334-919d-264e6e3bcf81
A16: Ammoniak (R717) | B16: Tabel 7 2025: Ammonia (R717) | C16: f32aa7b1-d35e-4fab-94af-627389e2a0de
A17: Armeringsstål | C17: f74c55e0-dfc0-4043-91de-d918dceac445
A18: Asfalt, bærelag | B18: Tabel 7 2025: Asphalt supporting layer | C18: 76244e68-5c33-44f5-bea6-78b7f836492d
A19: Bakkemørtel, kalktilpasset vådmørtel | C19: 7878f1b6-4023-4ede-a363-0fd23885d435
A20: Beslag til dreje-kip vinduer (aluminium) | B20: Tabel 7 2025: Window fitting for tilt and turn window | C20: 168e5da6-64e3-4bef-8d33-0d7327297704
A21: Beslag til lodrette skydevinduer | B21: Tabel 7 2025: Window fitting for vertical sliding window | C21: bd1de5fc-fa49-434f-aa69-20472c6323cd
A22: Beslag til vandrette skydevinduer | B22: Tabel 7 2025: Window fitting for horizontal sliding window | C22: 23538024-5254-4f94-9dd6-3c7f9d533f0c
A23: Beslag, stålvindue | B23: Tabel 7 2025: Steel window fitting | C23: 70306ada-ed43-4d16-9eeb-0e5c47f38786
A24: Beton belægningssten | C24: b83b9e7a-6dd0-4c89-bb3a-2656ba64fbbd
A25: Beton vægelementer, 15 cm tyk væg med 5-15 kg armering (11% udsparinger) | C25: 259d64ec-f220-4805-ba99-1a28116b3082
A26: Beton vægelementer, 20 cm tyk væg med 16-25 kg armering (11% udsparinger) | C26: 38f0e99c-b548-4961-8c5b-716935e51dd6
A27: Beton vægelementer, 20 cm tyk væg med 5-15 kg armering (11% udsparinger) | C27: b0eb3872-681f-4926-a6ff-a4abb949df65
A28: Betonmursten | B28: Tabel 7 2025: Concrete masonry brick | C28: 386839f2-2395-4837-bed2-ac3f1bf6ffbd
A29: Betonrør, armeret | B29: Tabel 7 2025: Concrete pipe, reinforced | C29: 387e876c-20b8-44e1-abba-b462808b2856
A30: Betonrør, u-armeret | C30: 93e404e4-575c-45e9-bbb6-9d8892aa9772
A31: Betonrør, u-armeret | B31: Tabel 7 2025: Concrete pipe, non-reinforced | C31: 4380000d-b6c7-4ed2-a535-b844bedb16d8
A32: Betontrappe, etagehøj | B32: Tabel 7 2025: Precast concrete part, stairs, (1,1 m wide, 9 steps each 16 cm) | C32: d1888fa1-9628-4fe9-a68e-43affab2990a
A33: Bindelag | B33: Tabel 7 2025: Asphalt binder | C33: 4e07bcc8-e145-4e9e-a99e-19a2b06e541a
A34: Bitumenemulsion (40% bitumen, 60% vand) | B34: Tabel 7 2025: Bitumen emulsion (40% bitumen, 60% water) | C34: aaf0ff53-267d-4a7c-8c83-f18f73164eb9
A35: Bitumenklæber | B35: Tabel 7 2025: Bitumen cold adhesive (60% bitumen, 23% solvent, 17% water) | C35: fa6c619d-f851-4c43-bb81-9f68639a26b4
A36: Blyplader | B36: Tabel 7 2025: Lead sheets | C36: 388b5a49-a64e-4d9b-b9a8-14d2be82b6ce
A37: Boksventilator 10.000 m3/h | B37: Tabel 7 2025: Ventilation centralized per 10000 m3/h | C37: 96e6fb26-af67-47e3-8660-10a8e841c52d
A38: Boksventilator 30.000 m3/h | B38: Tabel 7 2025: Ventilation centralized per 30000 m3/h | C38: 84c0bbfa-2b56-430f-b24c-03357082b00f
A39: Boksventilator 5.000 m3/h | B39: Tabel 7 2025: Ventilation centralized per 5000 m3/h | C39: d1bc982b-9e0e-4a24-9d8d-ed13362e7adc
A40: Bomuld | B40: Tabel 7 2025: Cotton, conventional | C40: 2fd013bd-def9-456d-b21f-0eef1ebc19f8
A41: Bomuld, økologisk | B41: Tabel 7 2025: Cotton, organic | C41: 54b9c980-9155-4c2d-971d-fcca64286f7b
A42: Brugsvandsrør, Alu-PEX | B42: Tabel 7 2025: Drinking water pipe PE-X-Alu | C42: 9a4f5da8-ce23-4757-a388-1331007691d8
... A52: Celleglas-isolering 165 kg/m³ | B52: Tabel 7 2025: Foamglas® f | C52: bb1b9980-99cd-4cbe-a4bc-cc18eb1fe793
A53: Cement 42,5 MPa | C53: 79ba481d-6e5a-42f7-807e-d820d9d0fa7f
A54: Cement 52,5 MPa | C54: 9e9412f8-d3da-4abc-8771-cf3fefac7d6d
A55: Cementbundet spånplade | B55: Tabel 7 2025: Cement bound particle board (generic) | C55: bb95eef6-4ad1-47fb-82ec-ed1838b66f62
A56: Cirkulationspumpe 250-1000 W | B56: Tabel 7 2025: Circulating pump 250-1000W | C56: 06f55562-3064-4ae8-a3f3-4e26f465c1da
A57: Cirkulationspumpe 50-250 W | B57: Tabel 7 2025: Circulating pump 50-250W | C57: 7c87a28d-ceea-4cc5-a78d-597cb5a99e04
A58: Cirkulationspumpe <50 W | B58: Tabel 7 2025: Circulating pump < 50W | C58: e2b04c88-cc2b-40eb-b290-fb1eb8d9b632
A59: Cirkulære ventilationskanaler af galvaniseret stål | B59: Tabel 7 2025: Circular ventilation ducts | C59: 790cfa2b-b637-46e7-8196-9ca74c67f1bb
A60: Curtain wall facade med 3-lags ruder, aluminium | B60: Tabel 7 2025: Aluminium mullion-transom system with triple glazing | C60: 3902d036-283c-4eee-b825-0e3d1b1d05f7
A61: Curtain wall facade med 3-lags ruder, stål | B61: Tabel 7 2025: Steel mullion-transom system with triple glazing | C61: 67a35653-ccc0-4bd6-bda9-dd7ddd78a88b
A62: Curtain wall profiler, aluminium | B62: Tabel 7 2025: Aluminium mullion-transom system | C62: eb4da4a1-ac8d-4372-ac31-88f008adf74c
A63: Curtain wall profiler, stål | B63: Tabel 7 2025: Steel mullion-transom system | C63: 97879a2e-da34-4e24-9004-3d4048f4e01a
A64: Dampspærre PA | B64: Tabel 7 2025: Damp insulation PA | C64: 2cf9be3e-c9ee-41a4-b46b-ed0c92aa5321
A65: Dampspærre PE (tykkelse 0,0002 m) | B65: Tabel 7 2025: Damp insulation PE | C65: 2af1448a-d57d-49ab-a22e-f1b2c7af218c
A66: Dampspærre, bitumen | B66: Tabel 7 2025: Bitumen sheets V 60 | C66: 3146eb72-5b16-427f-a7d6-8f7040f3d5e9
... A73: EPDM-tætning til aluminiumsprofil, med kuldebroafbrydelse | B73: Tabel 7 2025: EPDM sealing for aluminium section, thermally separated | C73: 7f957323-e2de-4f9c-b8d3-e0635cbc9e17
A74: EPS isolering, grå, 30 kPa | C74: 3a0c6c3a-45bb-44d7-bdd2-e84afed836ab
A75: EPS isolering, grå, 60 kPa | C75: 8e9a9593-1278-4a0b-9c04-47f2505f2961
A76: EPS isolering, grå, 80 kPa | C76: 19aa760f-403b-4ee0-89af-beb668edd6ff
A77: EPS isolering, hvid, 60 kPa | C77: 9428374e-1fe4-4554-b688-e8745feb63e4
A78: EPS isolering, hvid, 80 kPa | C78: 96f0943e-8964-4bfa-b019-63a815402d76
A79: EPS isolering, hvid, over 80 kPa | C79: 2d704b40-77ee-4051-9f91-aa602955e797
A80: ETICS limning og mineralsk letpuds | B80: Tabel 7 2025: ETICS gluing and coating mineral lightweight plaster | C80: 9e9e75f5-ad1e-4b5c-8e8b-5e1daae6c2e6
A81: ETICS limning og mineralsk puds (Dekorputz) | B81: Tabel 7 2025: ETICS gluing and coating mineral decor plaster | C81: 48a4d96e-3d96-40d4-97f5-28032673d766
A82: ETICS limning og mineralsk puds (Kratzputz) | B82: Tabel 7 2025: ETICS gluing and coating scratched plaster | C82: e3310871-06f0-460e-a397-3d29184ea863
A83: ETICS limning og silikonepuds | B83: Tabel 7 2025: ETICS gluing and coating silcate dispersion plaster | C83: aaa2f3dd-e84d-47ac-9b33-fccdc2e59c02
A84: ETICS-limning og belægning af silikatdispersionspuds | B84: Tabel 7 2025: ETICS gluing and coating silicate dispersion plaster | C84: 1f996148-b368-49af-8ccd-5b3d58ffae39
A85: ETICS-limning og belægning af syntetisk harpikspuds | B85: Tabel 7 2025: ETICS gluing and coating synthetic resin plaster | C85: b39cc74b-0baa-4aab-85cf-141ba14b6b33
A86: EVA-tagmembran | B86: Tabel 7 2025: EVA roof sheets | C86: cde8fc0b-16d0-455a-bf9a-d74e1ee76ea7
A87: Ekspanderet glasgranulat | B87: Tabel 7 2025: Expanded glass granulate | C87: 7a24d199-e5d6-4a30-8e38-ecb59573ab24
A88: Ekspanderet skifer | B88: Tabel 7 2025: Expanded shale | C88: a53a6043-5618-468f-83f4-7e2cf31b4163
A89: El-varmepumpe (lodret jordvarme, saltvand) 10 kW | B89: Tabel 7 2025: Electric heat pump (brine-water, geothermal collector) 10 kW | C89: 55e6dd93-ff50-4fbc-8360-ff29fb14fb5a
A90: El-varmepumpe (lodret jordvarme, saltvand) 20 kW | B90: Tabel 7 2025: Electric heat pump (brine-water, geothermal probe) 20 kW | C90: c313a56c-9082-4b74-88e4-d60754d5dfce
A91: Elementfugemørtel, tør, cement | C91: 726abebd-6a63-47f9-a8f2-fa64e6468386
A92: Elevator (grundkomponenter pr. stk.) | B92: Tabel 7 2025: Elevator basic component (independent of floor) | C92: 3e9b36c3-6ec0-4f0b-97f6-e24642530404
A93: Elevator (komponenter pr. etage) | B93: Tabel 7 2025: Elevator basic component (dependent of floor) | C93: 87b82b3c-a6db-43d8-b179-c9d148287fa1
A94: Epoxy gulvsystem | C94: 17aac44d-082d-49d7-8bd1-4d00422e1b82
A95: Fabriksbeton (C20/25 SCC) i eksponeringsklasserne X0 og XC1 | C95: 2a4eeb06-d482-4d14-a273-25c588249278
A96: Fabriksbeton (C25/30) i eksponeringsklasserne X0 og XC1 | C96: 28349df7-497b-441c-887a-13f575e90704
A97: Fabriksbeton C30/37 | C97: 459ec55a-4e24-4612-8e0f-a3778eba2466
A98: Fabriksbeton C35/45 (fugebeton) | C98: f68d635c-e260-4de1-898b-43abd5cb1337
A99: Fabriksbeton C35/45 SCC | C99: d5924fe9-5664-4272-8a74-d51c82e6b757
A100: Fabriksbeton C35/45 – CEM I | C100: 44de1496-59c5-49ba-bef7-d7e3ec718f59
A101: Fabriksbeton C35/45 – CEM I SR-5 | C101: 9aff917e-d287-4300-be30-fb91b7c0f80e
A102: Fabriksbeton C40/50 – CEM I | C102: c59e9fdd-b6e8-4897-b423-48f62b3e6dfd
A103: Fabriksbeton C40/50 – CEM I SR-5 | C103: a4e8d0d6-16bb-4cc3-93e1-1b57a8f2cfd0
A104: Fabriksbeton C45/55 | C104: 6d4038c3-8dec-4263-86c9-4b482707812c
A105: Facadeklinker | B105: Tabel 7 2025: Facade clinker | C105: 7b8ea2df-a8ed-4628-b48d-07b875894f18
A106: Fenolskum, plade | C106: 5a4a0b3d-d103-4335-9287-24aead794b8d
A107: Fibercement, bølgeplade | C107: 8188a2bf-e276-49dd-bd1b-16798de199be
A108: Fibercementplade | C108: d3e37ae9-5c81-4896-bae9-9acd9217835a
A109: Fiberdug, PE / PP | B109: Tabel 7 2025: PE/PP fleece | C109: 95f36a7e-a93d-4193-b5bc-4f8738aef9fa
A110: Fiberpuds, cement | C110: 2652aae3-8502-40bd-aaff-c0ed49017383
A111: Fjernvarmeanlæg | C111: 39845907-4f06-411e-b944-d81d43aa71fa
A112: Fjernvarmeanlæg | B112: Tabel 7 2025: District heating transfer station | C112: ab19fc9f-3fd5-48c0-8fbc-df9e6cbe2e63
A113: Flisefuge | C113: 3aa9eb6e-7075-4518-845d-8c92c845931e
A114: Flydemørtel, spartel til gulv | C114: 21ac61e5-7dab-48f0-81c1-23572493beb5
A115: Folie til grønt tag | B115: Tabel 7 2025: Foil for green roof | C115: 7ebc85e6-7eb4-4ce2-9e8b-470fe7c5042f
...
